Date,Open,High,Low,Close,Next_Day_Return,Target
2021-09-20,17443.85,17622.75,17361.8,17396.9,0.009490196529266625,1
2021-09-21,17450.5,17578.35,17326.1,17562.0,-0.0008740462361916949,0
2021-09-22,17580.9,17610.45,17524.0,17546.65,0.015746595503985047,1
2021-09-23,17670.85,17843.9,17646.55,17822.95,0.0016972498940972173,1
2021-09-24,17897.45,17947.65,17819.4,17853.2,0.00010642349830830423,1
2021-09-27,17932.2,17943.5,17802.9,17855.1,-0.005964682359661946,0
2021-09-28,17906.45,17912.85,17576.1,17748.6,-0.0021015742086699387,0
2021-09-29,17657.95,17781.75,17608.15,17711.3,-0.005259354197602538,0
2021-09-30,17718.9,17742.15,17585.35,17618.15,-0.004887005729886633,0
2021-10-01,17531.9,17557.15,17452.9,17532.05,0.00908051254702107,1
2021-10-04,17615.55,17750.9,17581.35,17691.25,0.007407616759697549,1
2021-10-05,17661.35,17833.45,17640.9,17822.3,-0.009892101468385072,0
2021-10-06,17861.5,17884.6,17613.15,17646.0,0.008180324152782418,1
2021-10-07,17810.55,17857.55,17763.8,17790.35,0.005893644588217893,1
2021-10-08,17886.85,17941.85,17840.35,17895.2,0.002835956010550315,1
2021-10-11,17867.55,18041.95,17839.1,17945.95,0.002563252433000203,1
2021-10-12,17915.8,18008.65,17864.95,17991.95,0.009437554017213213,1
2021-10-13,18097.85,18197.8,18050.75,18161.75,0.009734744724489616,1
2021-10-14,18272.85,18350.75,18248.7,18338.55,0.0075523964544634125,1
2021-10-18,18500.1,18543.15,18445.3,18477.05,-0.0031552655862271996,0
2021-10-19,18602.35,18604.45,18377.7,18418.75,-0.008260604004072017,0
2021-10-20,18439.9,18458.3,18209.35,18266.6,-0.004844908193095595,0
2021-10-21,18382.7,18384.2,18048.0,18178.1,-0.003476710987396763,0
2021-10-22,18230.7,18314.25,18034.35,18114.9,0.000579633340509746,1
2021-10-25,18229.5,18241.4,17968.5,18125.4,0.007889481059728337,1
2021-10-26,18154.5,18310.45,18099.3,18268.4,-0.0031447745834337283,0
2021-10-27,18295.85,18342.05,18167.9,18210.95,-0.01942238049085856,0
2021-10-28,18187.65,18190.7,17799.45,17857.25,-0.010393537638774085,0
2021-10-29,17833.05,17915.85,17613.1,17671.65,0.014599655380227651,1
2021-11-01,17783.15,17954.1,17697.1,17929.65,-0.0022699829611844474,0
2021-11-02,17970.9,18012.25,17847.6,17888.95,-0.0033400507016901494,0
2021-11-03,17947.95,17988.75,17757.95,17829.2,0.004913288313552966,1
2021-11-04,17935.05,17947.55,17900.6,17916.8,0.008469704411502054,1
2021-11-08,18040.2,18087.8,17836.1,18068.55,-0.0013448782553109836,0
2021-11-09,18084.35,18112.6,17983.05,18044.25,-0.0014990925086938649,0
2021-11-10,17973.45,18061.25,17915.0,18017.2,-0.0079701618453479,0
2021-11-11,17967.45,17971.35,17798.2,17873.6,0.012820584549279467,1
2021-11-12,17977.6,18123.0,17905.9,18102.75,0.00037010951374795144,1
2021-11-15,18140.95,18210.15,18071.3,18109.45,-0.0060879816891181125,0
2021-11-16,18127.05,18132.65,17958.8,17999.2,-0.005586359393750792,0
2021-11-17,17939.35,18022.65,17879.25,17898.65,-0.007478217630938768,0
2021-11-18,17890.55,17945.6,17688.5,17764.8,-0.01960337296226245,0
2021-11-22,17796.25,17805.25,17280.45,17416.55,0.004983765441490954,1
2021-11-23,17281.75,17553.7,17216.1,17503.35,-0.005044748576700991,0
2021-11-24,17550.05,17600.6,17354.0,17415.05,0.006959497675860863,1
2021-11-25,17417.3,17564.35,17351.7,17536.25,-0.029071209637180087,0
2021-11-26,17338.75,17355.4,16985.7,17026.45,0.0016151341001794267,1
2021-11-29,17055.8,17160.7,16782.4,17053.95,-0.004148599004922613,0
2021-11-30,17051.15,17324.65,16931.4,16983.2,0.010816571670827684,1
2021-12-01,17104.4,17213.05,17064.25,17166.9,0.013674571413592436,1
2021-12-02,17183.2,17420.35,17149.3,17401.65,-0.01177761878902292,0
2021-12-03,17424.9,17489.8,17180.8,17196.7,-0.016540964254769853,0
2021-12-06,17209.05,17216.75,16891.7,16912.25,0.015636594775976037,1
2021-12-07,17044.1,17251.65,16987.75,17176.7,0.017060902268771026,1
2021-12-08,17315.25,17484.6,17308.95,17469.75,0.0026960889537628496,1
2021-12-09,17524.4,17543.25,17379.6,17516.85,-0.0003168377876158826,0
2021-12-10,17476.05,17534.35,17405.25,17511.3,-0.008169010867268522,0
2021-12-13,17619.1,17639.5,17355.95,17368.25,-0.0024959336720739595,0
2021-12-14,17283.2,17376.2,17225.8,17324.9,-0.0059740604563374095,0
2021-12-15,17323.65,17351.2,17192.2,17221.4,0.001567816786091723,1
2021-12-16,17373.0,17379.35,17184.95,17248.4,-0.015259386377866974,0
2021-12-17,17276.0,17298.15,16966.45,16985.2,-0.021842545274709746,0
2021-12-20,16824.25,16840.1,16410.2,16614.2,0.009428681489328274,1
2021-12-21,16773.15,16936.4,16688.25,16770.85,0.011007194030117864,1
2021-12-22,16865.55,16971.0,16819.5,16955.45,0.006909282855954741,1
2021-12-23,17066.8,17118.65,17015.55,17072.6,-0.0040327776671390736,0
2021-12-24,17149.5,17155.6,16909.6,17003.75,0.004851870910828494,1
2021-12-27,16937.75,17112.05,16833.2,17086.25,0.008603409174043456,1
2021-12-28,17177.6,17250.25,17161.15,17233.25,-0.0011402376220388758,0
2021-12-29,17220.1,17285.95,17176.65,17213.6,-0.0005606032439465201,0
2021-12-30,17201.45,17264.05,17146.35,17203.95,0.008724740539236544,1
2021-12-31,17244.5,17400.8,17238.5,17354.05,0.01565340655351353,1
2022-01-03,17387.15,17646.65,17383.3,17625.7,0.010186829459255477,1
2022-01-04,17681.4,17827.6,17593.55,17805.25,0.006739585234692015,1
2022-01-05,17820.1,17944.7,17748.85,17925.25,-0.01000543925468256,0
2022-01-06,17768.5,17797.95,17655.55,17745.9,0.0037642497703694526,1
2022-01-07,17797.6,17905.0,17704.55,17812.7,0.010700230734251323,1
2022-01-10,17913.3,18017.45,17879.15,18003.3,0.0029133547738470576,1
2022-01-11,17997.75,18081.25,17964.4,18055.75,0.0086731373662129,1
2022-01-12,18170.4,18227.95,18128.8,18212.35,0.002495559331991793,1
2022-01-13,18257.0,18272.25,18163.8,18257.8,-0.0001122807786260816,0
2022-01-14,18185.0,18286.95,18119.65,18255.75,0.002867589663530589,1
2022-01-17,18235.65,18321.55,18228.75,18308.1,-0.010653754349167816,0
2022-01-18,18337.2,18350.95,18085.9,18113.05,-0.00964221928388636,0
2022-01-19,18129.2,18129.2,17884.9,17938.4,-0.010112384605093064,0
2022-01-20,17921.0,17943.7,17648.45,17757.0,-0.00787576730303534,0
2022-01-21,17613.7,17707.6,17485.85,17617.15,-0.026567861430481256,0
2022-01-24,17575.15,17599.4,16997.85,17149.1,0.007513513828714171,1
2022-01-25,17001.55,17309.15,16836.8,17277.95,-0.009711800300382815,0
2022-01-27,17062.0,17182.5,16866.75,17110.15,-0.00047924769800385895,0
2022-01-28,17208.3,17373.5,17077.1,17101.95,0.013910694394498744,1
2022-01-31,17301.05,17410.0,17264.15,17339.85,0.013667938303964568,1
2022-02-01,17529.45,17622.4,17244.55,17576.85,0.011557816104705989,1
2022-02-02,17706.2,17794.6,17674.8,17780.0,-0.012362204724409407,0
2022-02-03,17767.75,17781.15,17511.15,17560.2,-0.002499971526520282,0
2022-02-04,17590.2,17617.8,17462.55,17516.3,-0.017281046796412527,0
2022-02-07,17456.3,17536.75,17119.4,17213.6,0.003087674861737316,1
2022-02-08,17279.85,17306.45,17043.65,17266.75,0.011412107084425227,1
2022-02-09,17370.1,17477.15,17339.0,17463.8,0.00813396855209057,1
2022-02-10,17554.1,17639.45,17427.15,17605.85,-0.013126318808804946,0
2022-02-11,17451.0,17454.75,17303.0,17374.75,-0.03061626785996925,0
2022-02-14,17076.15,17099.5,16809.65,16842.8,0.030259220557152106,1
2022-02-15,16933.25,17375.0,16839.25,17352.45,-0.0017432696823791451,0
2022-02-16,17408.45,17490.6,17257.7,17322.2,-0.0010160372239093292,0
2022-02-17,17396.55,17442.9,17235.85,17304.6,-0.001635403303167902,0
2022-02-18,17236.05,17380.8,17219.2,17276.3,-0.004031534529962887,0
2022-02-21,17192.25,17351.05,17070.7,17206.65,-0.0066514981126483495,0
2022-02-22,16847.95,17148.55,16843.8,17092.2,-0.0016937550461614494,0
2022-02-23,17194.5,17220.7,17027.85,17063.25,-0.047781049917219716,0
2022-02-24,16548.9,16705.25,16203.25,16247.95,0.02526164839256649,1
2022-02-25,16515.65,16748.8,16478.3,16658.4,0.008134034481102627,1
2022-02-28,16481.6,16815.9,16356.3,16793.9,-0.011191563603451296,0
2022-03-02,16593.1,16678.5,16478.65,16605.95,-0.006497671015509588,0
2022-03-03,16723.2,16768.95,16442.95,16498.05,-0.015316961701534359,0
2022-03-04,16339.45,16456.0,16133.8,16245.35,-0.023526732264925083,0
2022-03-07,15867.95,15944.6,15711.45,15863.15,0.00947478905513729,1
2022-03-08,15747.75,16028.75,15671.45,16013.45,0.020726326931423247,1
2022-03-09,16078.0,16418.05,15990.0,16345.35,0.015267339029142912,1
2022-03-10,16757.1,16757.3,16447.9,16594.9,0.0021422244183453513,1
2022-03-11,16528.8,16694.4,16470.9,16630.45,0.014482470408196923,1
2022-03-14,16633.7,16887.95,16606.5,16871.3,-0.012346410768583291,0
2022-03-15,16900.65,16927.75,16555.0,16663.0,0.01874512392726391,1
2022-03-16,16876.65,16987.9,16837.85,16975.35,0.01836191890005218,1
2022-03-17,17202.9,17344.6,17175.75,17287.05,-0.009802135124269366,0
2022-03-21,17329.5,17353.35,17096.4,17117.6,0.011561200168247972,1
2022-03-22,17120.4,17334.4,17006.3,17315.5,-0.004033958014495599,0
2022-03-23,17405.05,17442.4,17199.6,17245.65,-0.001327871086332,0
2022-03-24,17094.95,17291.75,17091.15,17222.75,-0.004049875890900117,0
2022-03-25,17289.0,17294.9,17076.55,17153.0,0.004022619949862998,1
2022-03-28,17181.85,17235.1,17003.9,17222.0,0.005998141911508493,1
2022-03-29,17297.2,17343.65,17235.7,17325.3,0.009982511125348521,1
2022-03-30,17468.15,17522.5,17387.2,17498.25,-0.0019144771620019144,0
2022-03-31,17519.2,17559.8,17435.2,17464.75,0.011778009991554459,1
2022-04-01,17436.9,17703.7,17422.7,17670.45,0.0216717740634789,1
2022-04-04,17809.1,18114.65,17791.4,18053.4,-0.00531755791152913,0
2022-04-05,18080.6,18095.45,17921.55,17957.4,-0.00833918050497288,0
2022-04-06,17842.75,17901.0,17779.85,17807.65,-0.009439763247817774,0
2022-04-07,17723.3,17787.5,17623.7,17639.55,0.00820882618887666,1
2022-04-08,17698.15,17842.75,17600.55,17784.35,-0.006151475876261872,0
2022-04-11,17740.9,17779.05,17650.95,17674.95,-0.008183898681467357,0
2022-04-12,17584.85,17595.3,17442.35,17530.3,-0.003117459484435396,0
2022-04-13,17599.9,17663.65,17457.4,17475.65,-0.01728118839642588,0
2022-04-18,17183.45,17237.75,17067.85,17173.65,-0.012519179091224054,0
2022-04-19,17258.95,17275.65,16824.7,16958.65,0.01049022180421188,1
2022-04-20,17045.25,17186.9,16978.95,17136.55,0.014941747317867323,1
2022-04-21,17234.6,17414.7,17215.5,17392.6,-0.012686429860975233,0
2022-04-22,17242.75,17315.3,17149.2,17171.95,-0.012695121986728355,0
2022-04-25,17009.05,17054.3,16888.7,16953.95,0.014560028783852643,1
2022-04-26,17121.3,17223.85,17064.45,17200.8,-0.009441421329240375,0
2022-04-27,17073.35,17110.7,16958.45,17038.4,0.012128486242839574,1
2022-04-28,17189.5,17322.5,17071.05,17245.05,-0.008263240756043039,0
2022-04-29,17329.25,17377.65,17053.25,17102.55,-0.001955848689230596,0
2022-05-02,16924.45,17092.25,16917.25,17069.1,-0.022936182927043608,0
2022-05-04,17096.6,17132.85,16623.95,16677.6,0.0003028013623065016,1
2022-05-05,16854.75,16945.7,16651.85,16682.65,-0.016268398605737183,0
2022-05-06,16415.55,16484.2,16340.9,16411.25,-0.006666158884911243,0
2022-05-09,16227.7,16403.7,16142.1,16301.85,-0.0037909807782552955,0
2022-05-10,16248.9,16404.55,16197.3,16240.05,-0.004491981243900044,0
2022-05-11,16270.05,16318.75,15992.6,16167.1,-0.022211775766835137,0
2022-05-12,16021.1,16041.95,15735.75,15808.0,-0.001635247975708525,0
2022-05-13,15977.0,16083.6,15740.85,15782.15,0.003811267793044651,1
2022-05-16,15845.1,15977.95,15739.65,15842.3,0.02632193557753609,1
2022-05-17,15912.6,16284.25,15900.8,16259.3,-0.001168561992213687,0
2022-05-18,16318.15,16399.8,16211.2,16240.3,-0.02653276109431474,0
2022-05-19,15917.4,15984.75,15775.2,15809.4,0.028891039508140728,1
2022-05-20,16043.8,16283.05,16003.85,16266.15,-0.0031630103005320194,0
2022-05-23,16290.95,16414.7,16185.75,16214.7,-0.005522766378656472,0
2022-05-24,16225.55,16262.8,16078.6,16125.15,-0.0061611829967473395,0
2022-05-25,16196.35,16223.35,16006.95,16025.8,0.009007350647081604,1
2022-05-26,16105.0,16204.45,15903.7,16170.15,0.011273859549849637,1
2022-05-27,16296.6,16370.6,16221.95,16352.45,0.018893193374693133,1
2022-05-30,16527.9,16695.5,16506.15,16661.4,-0.00461245753658169,0
2022-05-31,16578.45,16690.75,16521.9,16584.55,-0.003726359774609457,0
2022-06-01,16594.4,16649.2,16438.85,16522.75,0.006370004993115553,1
2022-06-02,16481.65,16646.4,16443.05,16628.0,-0.0026280971854703346,0
2022-06-03,16761.65,16793.85,16567.9,16584.3,-0.0008893953920273994,0
2022-06-06,16530.7,16610.95,16444.55,16569.55,-0.00924587571780771,0
2022-06-07,16469.6,16487.25,16347.1,16416.35,-0.0036609843235553916,0
2022-06-08,16474.95,16514.3,16293.35,16356.25,0.007449751623996854,1
2022-06-09,16263.85,16492.8,16243.85,16478.1,-0.016767709869463063,0
2022-06-10,16283.95,16324.7,16172.6,16201.8,-0.026379784962164678,0
2022-06-13,15877.55,15886.15,15684.0,15774.4,-0.002681559995942747,0
2022-06-14,15674.25,15858.0,15659.45,15732.1,-0.0025393939779178067,0
2022-06-15,15729.25,15783.65,15678.9,15692.15,-0.021128398594201514,0
2022-06-16,15832.25,15863.15,15335.1,15360.6,-0.004368318945874534,0
2022-06-17,15272.65,15400.4,15183.4,15293.5,0.0037041880537483007,1
2022-06-20,15334.5,15382.5,15191.1,15350.15,0.018804376504464104,1
2022-06-21,15455.95,15707.25,15419.85,15638.8,-0.014419264905235697,0
2022-06-22,15545.65,15565.4,15385.95,15413.3,0.009300409386698525,1
2022-06-23,15451.55,15628.45,15367.5,15556.65,0.009166497928538624,1
2022-06-24,15657.4,15749.25,15619.45,15699.25,0.008459002818605938,1
2022-06-27,15926.2,15927.45,15815.5,15832.05,0.0011464087089164989,1
2022-06-28,15757.45,15892.1,15710.15,15850.2,-0.0032239340828507123,0
2022-06-29,15701.7,15861.6,15687.8,15799.1,-0.0011931059364141225,0
2022-06-30,15774.5,15890.0,15728.85,15780.25,-0.0017870439314966954,0
2022-07-01,15703.7,15793.95,15511.05,15752.05,0.005288200583416196,1
2022-07-04,15710.5,15852.35,15661.8,15835.35,-0.0015471713602793749,0
2022-07-05,15909.15,16025.75,15785.45,15810.85,0.011318177074603763,1
2022-07-06,15818.2,16011.35,15800.9,15989.8,0.008949455277739582,1
2022-07-07,16113.75,16150.5,16045.95,16132.9,0.005436096424077551,1
2022-07-08,16273.65,16275.5,16157.9,16220.6,-0.00028359000283592243,0
2022-07-11,16136.15,16248.55,16115.5,16216.0,-0.009724962999506705,0
2022-07-12,16126.2,16158.75,16031.15,16058.3,-0.005707328920246828,0
2022-07-13,16128.2,16140.0,15950.15,15966.65,-0.0017536552752142748,0
2022-07-14,16018.85,16070.85,15858.2,15938.65,0.006935970110392103,1
2022-07-15,16010.8,16066.95,15927.3,16049.2,0.01428731650175705,1
2022-07-18,16151.4,16287.95,16142.2,16278.5,0.0038117762693122385,1
2022-07-19,16187.05,16359.5,16187.05,16340.55,0.011033900327712303,1
2022-07-20,16562.8,16588.0,16490.95,16520.85,0.0051086959811390735,1
2022-07-21,16523.55,16626.95,16483.9,16605.25,0.006877343008988165,1
2022-07-22,16661.25,16752.25,16610.9,16719.45,-0.005290245791578115,0
2022-07-25,16662.55,16706.05,16564.25,16631.0,-0.00884793458000129,0
2022-07-26,16632.9,16636.1,16463.3,16483.85,0.009582106122052842,1
2022-07-27,16475.35,16653.45,16438.75,16641.8,0.017293802353110798,1
2022-07-28,16774.85,16947.65,16746.25,16929.6,0.013505930441357237,1
2022-07-29,17079.5,17172.8,17018.15,17158.25,0.010595486136406642,1
2022-08-01,17243.2,17356.25,17154.8,17340.05,0.0003114177871460264,1
2022-08-02,17310.15,17390.15,17215.85,17345.45,0.002461740687039006,1
2022-08-03,17349.25,17407.5,17225.85,17388.15,-0.00035368915036973193,0
2022-08-04,17463.1,17490.7,17161.25,17382.0,0.0008917270739845817,1
2022-08-05,17423.65,17474.4,17348.75,17397.5,0.007334387124586782,1
2022-08-08,17401.5,17548.8,17359.75,17525.1,0.0005506387980668559,1
2022-08-10,17566.1,17566.1,17442.8,17534.75,0.007085929368824762,1
2022-08-11,17711.65,17719.3,17631.95,17659.0,0.002216999830115038,1
2022-08-12,17659.65,17724.65,17597.85,17698.15,0.007181541573554215,1
2022-08-16,17797.2,17839.1,17764.05,17825.25,0.006675923198833116,1
2022-08-17,17868.15,17965.95,17833.35,17944.25,0.0006826699360519387,1
2022-08-18,17898.65,17968.45,17852.05,17956.5,-0.01102943223902204,0
2022-08-19,17966.55,17992.2,17710.75,17758.45,-0.01507732938403971,0
2022-08-22,17682.9,17690.05,17467.35,17490.7,0.0049626372872440365,1
2022-08-23,17357.35,17625.55,17345.2,17577.5,0.001561655525529838,1
2022-08-24,17525.45,17623.65,17499.25,17604.95,-0.0046861820113093195,0
2022-08-25,17679.0,17726.5,17487.45,17522.45,0.002080188558106927,1
2022-08-26,17619.3,17685.85,17519.35,17558.9,-0.01400998923622778,0
2022-08-29,17188.65,17380.15,17166.2,17312.9,0.02578424180813138,1
2022-08-30,17414.95,17777.65,17401.5,17759.3,-0.01219079580839335,0
2022-09-01,17485.7,17695.6,17468.45,17542.8,-0.0001909615340765753,0
2022-09-02,17598.4,17643.85,17476.45,17539.45,0.007203760665243125,1
2022-09-05,17546.45,17683.15,17540.35,17665.8,-0.0005773868152022964,0
2022-09-06,17695.7,17764.65,17587.65,17655.6,-0.0017671447019640845,0
2022-09-07,17519.4,17650.75,17484.3,17624.4,0.009892535348721008,1
2022-09-08,17748.15,17807.65,17691.95,17798.75,0.0019439567385349278,1
2022-09-09,17923.35,17925.95,17786.0,17833.35,0.005775695536733144,1
2022-09-12,17890.85,17980.55,17889.15,17936.35,0.007454136432440309,1
2022-09-13,18044.45,18088.3,18015.45,18070.05,-0.0036690545958643875,0
2022-09-14,17771.15,18091.55,17771.15,18003.75,-0.007017982364785034,0
2022-09-15,18046.35,18096.15,17861.5,17877.4,-0.019384809871681726,0
2022-09-16,17796.8,17820.05,17497.25,17530.85,0.0052136661941663675,1
2022-09-19,17540.65,17667.2,17429.7,17622.25,0.01100880988523032,1
2022-09-20,17770.4,17919.3,17744.4,17816.25,-0.005494983512243118,0
2022-09-21,17766.35,17838.7,17663.6,17718.35,-0.004997643685783342,0
2022-09-22,17609.65,17722.75,17532.45,17629.8,-0.017155611521401305,0
2022-09-23,17593.85,17642.15,17291.65,17327.35,-0.017951388989083692,0
2022-09-26,17156.3,17196.4,16978.3,17016.3,-0.000523027920288066,0
2022-09-27,17110.9,17176.45,16942.35,17007.4,-0.008749132730458676,0
2022-09-28,16870.55,17037.6,16820.4,16858.6,-0.002402334713440025,0
2022-09-29,16993.6,17026.05,16788.6,16818.1,0.0164257555847569,1
2022-09-30,16798.05,17187.1,16747.7,17094.35,-0.01210926417208025,0
2022-10-03,17102.1,17114.65,16855.55,16887.35,0.022913601009039355,1
2022-10-04,17147.45,17287.3,17117.3,17274.3,0.0033286442865991675,1
2022-10-06,17379.25,17428.8,17315.65,17331.8,-0.0009895106105538847,0
2022-10-07,17287.2,17337.35,17216.95,17314.65,-0.0042536233767359695,0
2022-10-10,17094.35,17280.15,17064.7,17241.0,-0.014932428513427338,0
2022-10-11,17256.05,17261.8,16950.3,16983.55,0.008246214719537391,1
2022-10-12,17025.55,17142.35,16960.05,17123.6,-0.006380083627274639,0
2022-10-13,17087.35,17112.35,16956.95,17014.35,0.01007091073123582,1
2022-10-14,17322.3,17348.55,17169.75,17185.7,0.007337495708641402,1
2022-10-17,17144.8,17328.55,17098.55,17311.8,0.010117376587067866,1
2022-10-18,17438.75,17527.8,17434.05,17486.95,0.0014467931800570867,1
2022-10-19,17568.15,17607.6,17472.85,17512.25,0.0029522191608731445,1
2022-10-20,17423.1,17584.15,17421.0,17563.95,0.0007031447937393664,1
2022-10-21,17622.85,17670.15,17520.75,17576.3,0.008787401216410777,1
2022-10-24,17736.35,17777.55,17707.4,17730.75,-0.004196099995770143,0
2022-10-25,17808.3,17811.5,17637.0,17656.35,0.004564929897742296,1
2022-10-27,17771.4,17783.9,17654.5,17736.95,0.002810517028012062,1
2022-10-28,17756.4,17838.9,17723.7,17786.8,0.012672318798209991,1
2022-10-31,17910.2,18022.8,17899.9,18012.2,0.007394987841574084,1
2022-11-01,18130.7,18175.8,18060.15,18145.4,-0.003447154650765643,0
2022-11-02,18177.9,18178.75,18048.65,18082.85,-0.0016673256704555874,0
2022-11-03,17968.35,18106.3,17959.2,18052.7,0.0035701030870728878,1
2022-11-04,18053.4,18135.1,18017.15,18117.15,0.004727564765981284,1
2022-11-07,18211.75,18255.5,18064.75,18202.8,-0.0025160964247258263,0
2022-11-09,18288.25,18296.4,18117.5,18157.0,-0.0070936828771272385,0
2022-11-10,18044.35,18103.1,17969.4,18028.2,0.01783317247423481,1
2022-11-11,18272.35,18362.3,18259.35,18349.7,-0.0011199093173184995,0
2022-11-14,18376.4,18399.45,18311.4,18329.15,0.0040509243472828796,1
2022-11-15,18362.75,18427.95,18282.0,18403.4,0.0003396111588076116,1
2022-11-16,18398.25,18442.15,18344.15,18409.65,-0.003571496470601016,0
2022-11-17,18358.7,18417.6,18312.95,18343.9,-0.001976133755635388,0
2022-11-18,18382.95,18394.6,18209.8,18307.65,-0.008067665702588848,0
2022-11-21,18246.4,18262.3,18133.35,18159.95,0.0046393299541022965,1
2022-11-22,18179.15,18261.85,18137.7,18244.2,0.0012634152223720016,1
2022-11-23,18325.2,18325.4,18246.0,18267.25,0.011870971273727493,1
2022-11-24,18326.1,18529.7,18294.25,18484.1,0.0015499807943043728,1
2022-11-25,18528.45,18534.9,18445.1,18512.75,0.0027008413120687092,1
2022-11-28,18430.55,18614.25,18365.6,18562.75,0.0029790844567749537,1
2022-11-29,18552.45,18678.1,18552.15,18618.05,0.007535697884579711,1
2022-11-30,18625.7,18816.05,18616.55,18758.35,0.002886714449831753,1
2022-12-01,18871.95,18887.6,18778.2,18812.5,-0.006187375415282469,0
2022-12-02,18752.4,18781.95,18639.2,18696.1,0.000264761099908576,1
2022-12-05,18719.55,18728.6,18591.35,18701.05,-0.0031174720136034756,0
2022-12-06,18600.65,18654.9,18577.9,18642.75,-0.004411902750398948,0
2022-12-07,18638.85,18668.3,18528.4,18560.5,0.0026319334069663286,1
2022-12-08,18570.85,18625.0,18536.95,18609.35,-0.006058782278800711,0
2022-12-09,18662.4,18664.7,18410.1,18496.6,2.9735194576457857e-05,1
2022-12-12,18402.15,18521.55,18345.7,18497.15,0.0059928151093546055,1
2022-12-13,18524.4,18617.25,18490.2,18608.0,0.0028106190885640193,1
2022-12-14,18671.25,18696.1,18632.9,18660.3,-0.013150913972444056,0
2022-12-15,18614.4,18652.9,18387.7,18414.9,-0.007922931973564964,0
2022-12-16,18319.1,18440.95,18255.15,18269.0,0.008289999452624704,1
2022-12-19,18288.1,18431.65,18244.55,18420.45,-0.0019082052827157562,0
2022-12-20,18340.3,18404.9,18202.65,18385.3,-0.01012765633413655,0
2022-12-21,18435.15,18473.35,18162.75,18199.1,-0.003942502651230006,0
2022-12-22,18288.8,18318.75,18068.6,18127.35,-0.01768322451985532,0
2022-12-23,17977.65,18050.45,17779.5,17806.8,0.011669699216029792,1
2022-12-26,17830.4,18084.1,17774.25,18014.6,0.006533589421913378,1
2022-12-27,18089.8,18149.25,17967.45,18132.3,-0.0005404719754250301,0
2022-12-28,18084.75,18173.1,18068.35,18122.5,0.0037798317009242652,1
2022-12-29,18045.7,18229.7,17992.8,18191.0,-0.004711120883953644,0
2022-12-30,18259.1,18265.25,18080.3,18105.3,0.005089669875671846,1
2023-01-02,18131.7,18215.15,18086.5,18197.45,0.001928841678366944,1
2023-01-03,18163.2,18251.95,18149.8,18232.55,-0.010398984234240332,0
2023-01-04,18230.65,18243.0,18020.6,18042.95,-0.002815504116566264,0
2023-01-05,18101.95,18120.3,17892.6,17992.15,-0.007375438733003044,0
2023-01-06,18008.05,18047.4,17795.55,17859.45,0.013536251116355766,1
2023-01-09,17952.55,18141.4,17936.15,18101.2,-0.010333569045146138,0
2023-01-10,18121.3,18127.6,17856.0,17914.15,-0.001029912108584595,0
2023-01-11,17924.25,17976.35,17824.35,17895.7,-0.002095475449409635,0
2023-01-12,17920.85,17945.8,17761.65,17858.2,0.005510073803630703,1
2023-01-13,17867.5,17999.35,17774.25,17956.6,-0.003438846997761269,0
2023-01-16,18033.15,18049.65,17853.65,17894.85,0.00885450283182037,1
2023-01-17,17922.8,18072.05,17886.95,18053.3,0.006206621504101703,1
2023-01-18,18074.3,18183.75,18032.45,18165.35,-0.0031653670311884994,0
2023-01-19,18119.8,18155.2,18063.75,18107.85,-0.004429018353918168,0
2023-01-20,18115.6,18145.45,18016.2,18027.65,0.005042254536780879,1
2023-01-23,18118.45,18162.6,18063.45,18118.55,-1.379801363795668e-05,0
2023-01-24,18183.95,18201.25,18078.65,18118.3,-0.012492893924926652,0
2023-01-25,18093.35,18100.6,17846.15,17891.95,-0.016074268036742903,0
2023-01-27,17877.2,17884.75,17493.55,17604.35,0.0025334647402489832,1
2023-01-30,17541.95,17709.15,17405.55,17648.95,0.0007479198479230055,1
2023-01-31,17731.45,17735.7,17537.55,17662.15,-0.002595946699580865,0
2023-02-01,17811.6,17972.2,17353.4,17616.3,-0.0003349170938277514,0
2023-02-02,17517.1,17653.9,17445.95,17610.4,0.013835574433289295,1
2023-02-03,17721.75,17870.3,17584.2,17854.05,-0.0050100677437332555,0
2023-02-06,17818.55,17823.7,17698.35,17764.6,-0.0024261734010334345,0
2023-02-07,17790.1,17811.15,17652.55,17721.5,0.008475580509550587,1
2023-02-08,17750.3,17898.7,17744.15,17871.7,0.0012170078951638623,1
2023-02-09,17885.5,17916.9,17779.8,17893.45,-0.002065001439074115,0
2023-02-10,17847.55,17876.95,17801.0,17856.5,-0.0047937725758126475,0
2023-02-13,17859.1,17880.7,17719.75,17770.9,0.008944397863923441,1
2023-02-14,17840.35,17954.55,17800.05,17929.85,0.004796470689938845,1
2023-02-15,17896.6,18034.1,17853.8,18015.85,0.0011101335768226312,1
2023-02-16,18094.75,18134.75,18000.65,18035.85,-0.005081545921040474,0
2023-02-17,17974.85,18034.25,17884.6,17944.2,-0.0055505400073562585,0
2023-02-20,17965.55,18004.35,17818.4,17844.6,-0.0010031045806573316,0
2023-02-21,17905.8,17924.9,17800.3,17826.7,-0.01528045011134991,0
2023-02-22,17755.35,17772.5,17529.45,17554.3,-0.0024523905823643937,0
2023-02-23,17574.65,17620.05,17455.4,17511.25,-0.002595474337925661,0
2023-02-24,17591.35,17599.75,17421.8,17465.8,-0.0041853221724741235,0
2023-02-27,17428.6,17451.6,17299.0,17392.7,-0.005102715507080556,0
2023-02-28,17383.25,17440.45,17255.2,17303.95,0.008492280664241443,1
2023-03-01,17360.1,17467.75,17345.25,17450.9,-0.007392168885272392,0
2023-03-02,17421.5,17445.8,17306.0,17321.9,0.01572864408638758,1
2023-03-03,17451.25,17644.75,17427.7,17594.35,0.006655545672332436,1
2023-03-06,17680.35,17799.95,17671.95,17711.45,0.0024249849673516695,1
2023-03-08,17665.75,17766.5,17602.25,17754.4,-0.009282206101023009,0
2023-03-09,17772.05,17772.35,17573.6,17589.6,-0.01004570882794362,0
2023-03-10,17443.8,17451.5,17324.35,17412.9,-0.014851058697862055,0
2023-03-13,17421.9,17529.9,17113.45,17154.3,-0.006470680820552282,0
2023-03-14,17160.55,17224.65,16987.1,17043.3,-0.004174661010484931,0
2023-03-15,17166.45,17211.35,16938.9,16972.15,0.0007924747306615301,1
2023-03-16,16994.65,17062.45,16850.15,16985.6,0.00673806047475513,1
2023-03-17,17111.8,17145.8,16958.15,17100.05,-0.006529220674793221,0
2023-03-20,17066.6,17066.6,16828.35,16988.4,0.007010666101575106,1
2023-03-21,17060.4,17127.7,17016.0,17107.5,0.0025953529153880726,1
2023-03-22,17177.45,17207.25,17107.85,17151.9,-0.0043726934042292685,0
2023-03-23,17097.4,17205.4,17045.3,17076.9,-0.00772095637967091,0
2023-03-24,17076.2,17109.45,16917.35,16945.05,0.0023989306611666215,1
2023-03-27,16984.3,17091.0,16918.55,16985.7,-0.0020016837692882834,0
2023-03-28,17031.75,17061.75,16913.75,16951.7,0.007609856238607337,1
2023-03-29,16977.3,17126.15,16940.6,17080.7,0.016337152458622845,1
2023-03-31,17210.35,17381.6,17204.65,17359.75,0.0022062529702328243,1
2023-04-03,17427.95,17428.05,17312.75,17398.05,0.00913895522774104,1
2023-04-05,17422.3,17570.55,17402.7,17557.05,0.0023978971410346375,1
2023-04-06,17533.85,17638.7,17502.85,17599.15,0.0014148410576645925,1
2023-04-10,17634.9,17694.1,17597.95,17624.05,0.0055747685690859935,1
2023-04-11,17704.8,17748.75,17655.15,17722.3,0.005083990227002262,1
2023-04-12,17759.55,17825.75,17717.25,17812.4,0.0008757943904245662,1
2023-04-13,17807.3,17842.15,17729.65,17828.0,-0.0067954902400718786,0
2023-04-17,17863.0,17863.0,17574.05,17706.85,-0.002637397391404857,0
2023-04-18,17766.6,17766.6,17610.2,17660.15,-0.0023442609490860185,0
2023-04-19,17653.35,17666.15,17579.85,17618.75,0.0003235189783611623,1
2023-04-20,17638.6,17684.45,17584.35,17624.45,-2.2695743697048997e-05,0
2023-04-21,17639.75,17663.2,17553.95,17624.05,0.006771996221073033,1
2023-04-24,17707.55,17754.5,17612.5,17743.4,0.0014568797411994624,1
2023-04-25,17761.55,17807.45,17716.85,17769.25,0.002495884744713398,1
2023-04-26,17767.3,17827.75,17711.2,17813.6,0.005695086899896749,1
2023-04-27,17813.1,17931.6,17797.9,17915.05,0.00837005757728841,1
2023-04-28,17950.4,18089.15,17885.3,18065.0,0.004575145308607886,1
2023-05-02,18124.8,18180.25,18101.75,18147.65,-0.0031849853837826333,0
2023-05-03,18113.8,18116.35,18042.4,18089.85,0.009173652628407684,1
2023-05-04,18081.0,18267.45,18066.7,18255.8,-0.010232364508813598,0
2023-05-05,18117.3,18216.95,18055.45,18069.0,0.010814101499806378,1
2023-05-08,18120.6,18286.95,18100.3,18264.4,8.486454523550034e-05,1
2023-05-09,18303.4,18344.2,18229.65,18265.95,0.002690799000325623,1
2023-05-10,18313.6,18326.75,18211.95,18315.1,-0.0009882555923799786,0
2023-05-11,18357.8,18389.7,18270.4,18297.0,0.0009728370771164274,1
2023-05-12,18273.75,18342.75,18194.55,18314.8,0.004589184703081621,1
2023-05-15,18339.3,18458.9,18287.9,18398.85,-0.00610635990836376,0
2023-05-16,18432.35,18432.35,18264.35,18286.5,-0.00572826948842042,0
2023-05-17,18300.45,18309.0,18115.35,18181.75,-0.002849010683790024,0
2023-05-18,18287.5,18297.2,18104.85,18129.95,0.0040513073670915105,1
2023-05-19,18186.15,18218.1,18060.4,18203.4,0.006097761956557566,1
2023-05-22,18201.1,18335.25,18178.85,18314.4,0.001834621936836508,1
2023-05-23,18362.9,18419.75,18324.2,18348.0,-0.00341181600174398,0
2023-05-24,18294.8,18392.6,18262.95,18285.4,0.0019551117284828333,1
2023-05-25,18268.9,18338.1,18202.4,18321.15,0.009726463677225341,1
2023-05-26,18368.35,18508.55,18333.15,18499.35,0.005367756164405934,1
2023-05-29,18619.15,18641.2,18581.25,18598.65,0.0018926104851694659,1
2023-05-30,18606.65,18662.45,18575.5,18633.85,-0.005337061315830979,0
2023-05-31,18594.2,18603.9,18483.85,18534.4,-0.0025169414709945537,0
2023-06-01,18579.4,18580.3,18464.55,18487.75,0.0025070654893104105,1
2023-06-02,18550.85,18573.7,18478.4,18534.1,0.003223787505193131,1
2023-06-05,18612.0,18640.15,18582.8,18593.85,0.00027697330031174045,1
2023-06-06,18600.8,18622.75,18531.6,18599.0,0.00684983063605578,1
2023-06-07,18665.6,18738.95,18636.0,18726.4,-0.004904840225564026,0
2023-06-08,18725.35,18777.9,18615.6,18634.55,-0.003818176451805803,0
2023-06-09,18655.9,18676.65,18555.4,18563.4,0.0020524257409740964,1
2023-06-12,18595.05,18633.6,18559.75,18601.5,0.006163481439668922,1
2023-06-13,18631.8,18728.9,18631.8,18716.15,0.002123834228727596,1
2023-06-14,18744.6,18769.7,18690.0,18755.9,-0.0036148625232595025,0
2023-06-15,18774.45,18794.1,18669.05,18688.1,0.0073790272954447735,1
2023-06-16,18723.3,18864.7,18710.5,18826.0,-0.0037474768936576687,0
2023-06-19,18873.3,18881.45,18719.15,18755.45,0.003265717431466587,1
2023-06-20,18752.35,18839.7,18660.65,18816.7,0.0021337428985952808,1
2023-06-21,18849.4,18875.9,18794.85,18856.85,-0.00453946443865219,0
2023-06-22,18853.6,18886.6,18759.5,18771.25,-0.005633615236065792,0
2023-06-23,18741.85,18756.4,18647.1,18665.5,0.0013768717687713014,1
2023-06-26,18682.35,18722.05,18646.7,18691.2,0.006751840438281155,1
2023-06-27,18748.55,18829.25,18714.25,18817.4,0.00822111450040904,1
2023-06-28,18908.15,19011.25,18861.35,18972.1,0.011435212759789414,1
2023-06-30,19076.85,19201.7,19024.6,19189.05,0.00695709271694013,1
2023-07-03,19246.5,19345.1,19234.4,19322.55,0.003438987090213286,1
2023-07-04,19406.6,19434.15,19300.0,19389.0,0.0004899685388622415,1
2023-07-05,19405.95,19421.6,19339.6,19398.5,0.00509317730752374,1
2023-07-06,19385.7,19512.2,19373.0,19497.3,-0.008488354797843805,0
2023-07-07,19422.8,19523.6,19303.6,19331.8,0.0012466505964267261,1
2023-07-10,19400.35,19435.85,19327.1,19355.9,0.004313930119498447,1
2023-07-11,19427.1,19515.1,19406.45,19439.4,-0.002834449622930861,0
2023-07-12,19497.45,19507.7,19361.75,19384.3,0.0015192707500400185,1
2023-07-13,19495.2,19567.0,19385.8,19413.75,0.007765114931427467,1
2023-07-14,19493.45,19595.35,19433.5,19564.5,0.007511053183061194,1
2023-07-17,19612.15,19731.85,19562.95,19711.45,0.0019176671427012864,1
2023-07-18,19787.5,19819.45,19690.2,19749.25,0.004248262592250412,1
2023-07-19,19802.95,19851.7,19727.45,19833.15,0.0073614125844860745,1
2023-07-20,19831.7,19991.85,19758.4,19979.15,-0.011719717805812631,0
2023-07-21,19800.45,19887.4,19700.0,19745.0,-0.003679412509496149,0
2023-07-24,19748.45,19782.75,19658.3,19672.35,0.0004193703345050287,1
2023-07-25,19729.35,19729.35,19615.95,19680.6,0.004964279544322873,1
2023-07-26,19733.35,19825.6,19716.7,19778.3,-0.00598635878715551,0
2023-07-27,19850.9,19867.55,19603.55,19659.9,-0.0007044796769058938,0
2023-07-28,19659.75,19695.9,19563.1,19646.05,0.005484563054659843,1
2023-07-31,19666.35,19772.75,19597.6,19753.8,-0.0010251192175682654,0
2023-08-01,19784.0,19795.6,19704.6,19733.55,-0.010489749690248334,0
2023-08-02,19655.4,19678.25,19423.55,19526.55,-0.007420665708996101,0
2023-08-03,19463.75,19537.65,19296.45,19381.65,0.006983409565233019,1
2023-08-04,19462.8,19538.85,19436.45,19517.0,0.004114361838397257,1
2023-08-07,19576.85,19620.45,19524.8,19597.3,-0.0013496757206350226,0
2023-08-08,19627.2,19634.4,19533.1,19570.85,0.003152647943242155,1
2023-08-09,19578.8,19645.5,19467.5,19632.55,-0.004556208948913959,0
2023-08-10,19605.55,19623.6,19495.4,19543.1,-0.005874196007798112,0
2023-08-11,19554.25,19557.75,19412.75,19428.3,0.00032169567074834135,1
2023-08-14,19383.95,19465.85,19257.9,19434.55,0.0015667972759853318,1
2023-08-16,19369.0,19482.75,19317.2,19465.0,-0.005124582584125353,0
2023-08-17,19450.55,19461.55,19326.25,19365.25,-0.00284530279753675,0
2023-08-18,19301.75,19373.8,19253.6,19310.15,0.004321561458610994,1
2023-08-21,19320.65,19425.95,19296.3,19393.6,0.00014695569672480525,1
2023-08-22,19417.1,19443.5,19381.3,19396.45,0.002451479523314796,1
2023-08-23,19439.2,19472.05,19366.6,19444.0,-0.002946924501131417,0
2023-08-24,19535.15,19584.45,19369.0,19386.7,-0.006236234119267408,0
2023-08-25,19297.4,19339.55,19229.7,19265.8,0.0020891943236200938,1
2023-08-28,19298.35,19366.85,19249.7,19306.05,0.0018957787843708156,1
2023-08-29,19374.85,19377.9,19309.1,19342.65,0.00024815627641503477,1
2023-08-30,19433.45,19452.8,19334.75,19347.45,-0.004840431167931767,0
2023-08-31,19375.55,19388.2,19223.65,19253.8,0.009426710571419668,1
2023-09-01,19258.15,19458.55,19255.7,19435.3,0.004810833895026061,1
2023-09-04,19525.05,19545.15,19432.85,19528.8,0.0023606161156856636,1
2023-09-05,19564.65,19587.05,19525.75,19574.9,0.0018467527292603187,1
2023-09-06,19581.2,19636.45,19491.5,19611.05,0.005915032596418856,1
2023-09-07,19598.65,19737.0,19550.05,19727.05,0.004709269759036524,1
2023-09-08,19774.8,19867.15,19728.05,19819.95,0.00890012336055327,1
2023-09-11,19890.0,20008.15,19865.35,19996.35,-0.00015752874899658276,0
2023-09-12,20110.15,20110.35,19914.65,19993.2,0.003841306044054942,1
2023-09-13,19989.5,20096.9,19944.1,20070.0,0.0016492277030392898,1
2023-09-14,20127.95,20167.65,20043.45,20103.1,0.00443961379090787,1
2023-09-15,20156.45,20222.45,20129.7,20192.35,-0.002924374825119378,0
2023-09-18,20155.95,20195.35,20115.7,20133.3,-0.011518230990448552,0
2023-09-20,19980.75,20050.65,19878.85,19901.4,-0.007991900067332093,0
2023-09-21,19840.55,19848.75,19709.95,19742.35,-0.003449437377009249,0
2023-09-22,19744.85,19798.65,19657.5,19674.25,1.5248357624777179e-05,1
2023-09-25,19678.2,19734.15,19601.55,19674.55,-0.0005006467746402609,0
2023-09-26,19682.8,19699.35,19637.45,19664.7,0.002631619094112801,1
2023-09-27,19637.05,19730.7,19554.0,19716.45,-0.009783708527650842,0
2023-09-28,19761.8,19766.65,19492.1,19523.55,0.005877517152362148,1
2023-09-29,19581.2,19726.25,19551.05,19638.3,-0.005578385094432781,0
2023-10-03,19622.4,19623.2,19479.65,19528.75,-0.004744287268770477,0
2023-10-04,19446.3,19457.8,19333.6,19436.1,0.005641563893991154,1
2023-10-05,19521.85,19576.95,19487.3,19545.75,0.005512707366051443,1
2023-10-06,19621.2,19675.75,19589.4,19653.5,-0.007181926883252421,0
2023-10-09,19539.45,19588.95,19480.5,19512.35,0.009096802794127822,1
2023-10-10,19565.6,19717.8,19565.45,19689.85,0.006170692006287504,1
2023-10-11,19767.0,19839.2,19756.95,19811.35,-0.0008757606119723565,0
2023-10-12,19822.7,19843.3,19772.65,19794.0,-0.002169849449328116,0
2023-10-13,19654.55,19805.4,19635.3,19751.05,-0.0009771632394226775,0
2023-10-16,19737.25,19781.3,19691.85,19731.75,0.004041709427699013,1
2023-10-17,19843.2,19849.75,19775.65,19811.5,-0.007086793024253663,0
2023-10-18,19820.45,19840.95,19659.95,19671.1,-0.002358790306591793,0
2023-10-19,19545.2,19681.8,19512.35,19624.7,-0.004180955632442752,0
2023-10-20,19542.15,19593.8,19518.7,19542.65,-0.01335028770407296,0
2023-10-23,19521.6,19556.85,19257.85,19281.75,-0.008277256991714887,0
2023-10-25,19286.45,19347.3,19074.15,19122.15,-0.013853044767455618,0
2023-10-26,19027.25,19041.7,18837.85,18857.25,0.01007570032746026,1
2023-10-27,18928.75,19076.15,18926.65,19047.25,0.004916720261455142,1
2023-10-30,19053.4,19158.5,18940.0,19140.9,-0.003202566232517954,0
2023-10-31,19232.95,19233.7,19056.45,19079.6,-0.004740665422755042,0
2023-11-01,19064.05,19096.05,18973.7,18989.15,0.007588543984327815,1
2023-11-02,19120.0,19175.25,19064.15,19133.25,0.005088001254360788,1
2023-11-03,19241.0,19276.25,19210.9,19230.6,0.009419882894969553,1
2023-11-06,19345.85,19423.0,19309.7,19411.75,-0.00026015171223610817,0
2023-11-07,19404.05,19423.5,19329.1,19406.7,0.0018962523252278477,1
2023-11-08,19449.6,19464.4,19401.5,19443.5,-0.0024789775503381967,0
2023-11-09,19457.4,19463.9,19378.35,19395.3,0.0015493444288048792,1
2023-11-10,19351.85,19451.3,19329.45,19425.35,0.00515820821761259,1
2023-11-12,19547.25,19547.25,19510.25,19525.55,-0.004199625618740574,0
2023-11-13,19486.75,19494.4,19414.75,19443.55,0.011926834348665828,1
2023-11-15,19651.4,19693.2,19579.65,19675.45,0.004561522099875734,1
2023-11-16,19674.7,19875.25,19627.0,19765.2,-0.0016898387064133657,0
2023-11-17,19674.75,19806.0,19667.45,19731.8,-0.0019156893947840173,0
2023-11-20,19731.15,19756.45,19670.5,19694.0,0.004539453640702826,1
2023-11-21,19770.9,19829.1,19754.05,19783.4,0.0014380743451579145,1
2023-11-22,19784.0,19825.55,19703.85,19811.85,-0.0004971771944567795,0
2023-11-23,19828.45,19875.15,19786.75,19802.0,-0.0003686496313503319,0
2023-11-24,19809.6,19832.85,19768.85,19794.7,0.004799264449574886,1
2023-11-28,19844.65,19916.85,19800.0,19889.7,0.010402369065395546,1
2023-11-29,19976.55,20104.65,19956.3,20096.6,0.0018187156036345905,1
2023-11-30,20108.5,20158.7,20015.85,20133.15,0.006692941740363529,1
2023-12-01,20194.1,20291.55,20183.7,20267.9,0.020668150129021644,1
2023-12-04,20601.95,20702.65,20507.75,20686.8,0.008135622715934765,1
2023-12-05,20808.9,20864.05,20711.15,20855.1,0.003960661900446518,1
2023-12-06,20950.75,20961.95,20852.15,20937.7,-0.0017456549668778934,0
2023-12-07,20932.4,20941.25,20850.8,20901.15,0.003265370565734421,1
2023-12-08,20934.1,21006.1,20862.7,20969.4,0.0013209724646388113,1
2023-12-11,20965.3,21026.1,20923.7,20997.1,-0.004319644141333665,0
2023-12-12,21018.55,21037.9,20867.15,20906.4,0.0009542532430259198,1
2023-12-13,20929.75,20950.0,20769.5,20926.35,0.012250105727945973,1
2023-12-14,21110.4,21210.9,21074.45,21182.7,0.012932723401643828,1
2023-12-15,21287.45,21492.3,21235.3,21456.65,-0.0017710127163373592,0
2023-12-18,21434.8,21482.8,21365.35,21418.65,0.0016084113611267324,1
2023-12-19,21477.65,21505.05,21337.75,21453.1,-0.014121502253753401,0
2023-12-20,21543.5,21593.0,21087.35,21150.15,0.004959775698990211,1
2023-12-21,21033.95,21288.35,20976.8,21255.05,0.0044389450977533424,1
2023-12-22,21295.85,21390.5,21232.45,21349.4,0.004306912606443136,1
2023-12-26,21365.2,21477.15,21329.45,21441.35,0.009952731521102985,1
2023-12-27,21497.65,21675.75,21495.8,21654.75,0.005723917385331197,1
2023-12-28,21715.0,21801.45,21678.0,21778.7,-0.0021718468044465127,0
2023-12-29,21737.65,21770.3,21676.9,21731.4,0.0004831718158977332,1
2024-01-01,21727.75,21834.35,21680.85,21741.9,-0.003500154080370261,0
2024-01-02,21751.35,21755.6,21555.65,21665.8,-0.006851812534039857,0
2024-01-03,21661.1,21677.0,21500.35,21517.35,0.006564470067178347,1
2024-01-04,21605.8,21685.65,21564.55,21658.6,0.002410128078453858,1
2024-01-05,21705.75,21749.6,21629.2,21710.8,-0.009110673029091479,0
2024-01-08,21747.6,21763.95,21492.9,21513.0,0.001480500162692258,1
2024-01-09,21653.6,21724.45,21517.85,21544.85,0.0034277333098166004,1
2024-01-10,21529.3,21641.85,21448.65,21618.7,0.001318303135711213,1
2024-01-11,21688.0,21726.5,21593.75,21647.2,0.011426420045086596,1
2024-01-12,21773.55,21928.25,21715.15,21894.55,0.009267146390311811,1
2024-01-15,22053.15,22115.55,21963.55,22097.45,-0.0029483039898269463,0
2024-01-16,22080.5,22124.15,21969.8,22032.3,-0.02089432333437719,0
2024-01-17,21647.25,21851.5,21550.45,21571.95,-0.005085307540579351,0
2024-01-18,21414.2,21539.4,21285.55,21462.25,0.007461938985893904,1
2024-01-19,21615.2,21670.6,21575.0,21622.4,-0.002340165754032956,0
2024-01-20,21706.15,21720.3,21541.8,21571.8,-0.015436820293160515,0
2024-01-23,21716.7,21750.25,21192.6,21238.8,0.010130045011959313,1
2024-01-24,21185.25,21482.35,21137.2,21453.95,-0.004724071790975656,0
2024-01-25,21454.6,21459.0,21247.05,21352.6,0.01803059112239259,1
2024-01-29,21433.1,21763.25,21429.6,21737.6,-0.009913697924333874,0
2024-01-30,21775.75,21813.05,21501.8,21522.1,0.009460043397252229,1
2024-01-31,21487.25,21741.35,21448.85,21725.7,-0.001300303327395665,0
2024-02-01,21780.65,21832.95,21658.75,21697.45,0.007205915902559911,1
2024-02-02,21812.75,22126.8,21805.55,21853.8,-0.0037567837172481923,0
2024-02-05,21921.05,21964.3,21726.95,21771.7,0.007243348016002458,1
2024-02-06,21825.2,21951.4,21737.55,21929.4,5.016097111633445e-05,1
2024-02-07,22045.05,22053.3,21860.15,21930.5,-0.009691981486970168,0
2024-02-08,22009.65,22011.05,21665.3,21717.95,0.0029721958103780177,1
2024-02-09,21727.0,21804.45,21629.9,21782.5,-0.00764145529668315,0
2024-02-12,21800.8,21831.7,21574.75,21616.05,0.005884516366311178,1
2024-02-13,21664.3,21766.8,21543.35,21743.25,0.004451956354270832,1
2024-02-14,21578.15,21870.85,21530.2,21840.05,0.0032371720760712877,1
2024-02-15,21906.55,21953.85,21794.8,21910.75,0.005930878678274396,1
2024-02-16,22020.3,22068.65,21968.95,22040.7,0.0036999732313401693,1
2024-02-19,22103.45,22186.65,22021.05,22122.25,0.003376690888133021,1
2024-02-20,22099.2,22215.6,22045.85,22196.95,-0.006392770177884865,0
2024-02-21,22248.85,22249.4,21997.95,22055.05,0.00736339296442318,1
2024-02-22,22081.55,22252.5,21875.25,22217.45,-0.00021379591267224637,0
2024-02-23,22290.0,22297.5,22186.1,22212.7,-0.00408099870794642,0
2024-02-26,22169.2,22202.15,22075.15,22122.05,0.003449047443613918,1
2024-02-27,22090.2,22218.25,22085.65,22198.35,-0.011135962808046414,0
2024-02-28,22214.1,22229.15,21915.85,21951.15,0.0014418378991532478,1
2024-02-29,21935.2,22060.55,21860.65,21982.8,0.016192204814673324,1
2024-03-01,22048.3,22353.3,22047.75,22338.75,0.0017749426445079271,1
2024-03-02,22406.95,22419.55,22367.05,22378.4,0.001215457762842611,1
2024-03-04,22403.5,22440.9,22358.3,22405.6,-0.002200342771449962,0
2024-03-05,22371.25,22416.9,22269.15,22356.3,0.0052669717260906326,1
2024-03-06,22327.5,22497.2,22224.35,22474.05,0.0008676673763740848,1
2024-03-07,22505.3,22525.65,22430.0,22493.55,-0.007153161684127131,0
2024-03-11,22517.5,22526.6,22307.25,22332.65,0.00013657134285448758,1
2024-03-12,22334.45,22452.55,22256.0,22335.7,-0.015132724741109523,0
2024-03-13,22432.2,22446.75,21905.65,21997.7,0.006771162439709639,1
2024-03-14,21982.55,22204.6,21917.5,22146.65,-0.005567433449302848,0
2024-03-15,22064.85,22120.9,21931.7,22023.35,0.001468895513171347,1
2024-03-18,21990.1,22123.7,21916.55,22055.7,-0.01080219625765675,0
2024-03-19,21946.45,21978.3,21793.1,21817.45,0.0009923249508992946,1
2024-03-20,21843.9,21930.9,21710.2,21839.1,0.007914703444739124,1
2024-03-21,21989.9,22080.95,21941.3,22011.95,0.0038524528721898457,1
2024-03-22,21932.2,22180.7,21883.3,22096.75,-0.004165770984420753,0
2024-03-26,21947.9,22073.2,21947.55,22004.7,0.005405663335560164,1
2024-03-27,22053.95,22193.6,22052.85,22123.65,0.009187001240753672,1
2024-03-28,22163.6,22516.0,22163.6,22326.9,0.006050996779669302,1
2024-04-01,22455.0,22529.95,22427.75,22462.0,-0.00038732080847657055,0
2024-04-02,22458.8,22497.6,22388.15,22453.3,-0.0008306128720498911,0
2024-04-03,22385.7,22521.1,22346.5,22434.65,0.0035659125504520907,1
2024-04-04,22592.1,22619.0,22303.8,22514.65,-4.2194748752511256e-05,0
2024-04-05,22486.4,22537.6,22427.6,22513.7,0.006778095115418547,1
2024-04-08,22578.35,22697.3,22550.35,22666.3,-0.001038987395384305,0
2024-04-09,22765.1,22768.4,22612.25,22642.75,0.004904439610912953,1
2024-04-10,22720.25,22775.7,22673.7,22753.8,-0.01030157600049213,0
2024-04-12,22677.4,22726.45,22503.75,22519.4,-0.010963880032327745,0
2024-04-15,22339.05,22427.45,22259.55,22272.5,-0.005594342799416255,0
2024-04-16,22125.3,22213.75,22079.45,22147.9,-0.006865210697176838,0
2024-04-18,22212.35,22326.5,21961.7,21995.85,0.006871750807538762,1
2024-04-19,21861.5,22179.55,21777.65,22147.0,0.008551948345148393,1
2024-04-22,22336.9,22375.65,22198.15,22336.4,0.0014147311115487967,1
2024-04-23,22447.05,22447.55,22349.45,22368.0,0.0015379113018598647,1
2024-04-24,22421.55,22476.45,22384.0,22402.4,0.0074969646109344125,1
2024-04-25,22316.9,22625.95,22305.25,22570.35,-0.006663609558557923,0
2024-04-26,22620.4,22620.4,22385.55,22419.95,0.009966569952207776,1
2024-04-29,22475.55,22655.8,22441.9,22643.4,-0.0017024828426827645,0
2024-04-30,22679.65,22783.35,22568.4,22604.85,0.0019177300446586545,1
2024-05-02,22567.85,22710.5,22567.85,22648.2,-0.007609876281558896,0
2024-05-03,22766.35,22794.7,22348.05,22475.85,-0.0014749164102802706,0
2024-05-06,22561.6,22588.8,22409.45,22442.7,-0.0062470201891929545,0
2024-05-07,22489.75,22499.05,22232.05,22302.5,0.0,0
2024-05-08,22231.2,22368.65,22185.2,22302.5,-0.015469117811904494,0
2024-05-09,22224.8,22307.75,21932.4,21957.5,0.0044495047250370364,1
2024-05-10,21990.95,22131.3,21950.3,22055.2,0.0022148971671079177,1
2024-05-13,22027.95,22131.65,21821.05,22104.05,0.005148377785971317,1
2024-05-14,22112.9,22270.05,22081.25,22217.85,-0.0007786532000170706,0
2024-05-15,22255.6,22297.55,22151.75,22200.55,0.009157430784372428,1
2024-05-16,22319.2,22432.25,22054.55,22403.85,0.002778540295529563,1
2024-05-17,22415.25,22502.15,22345.65,22466.1,0.0015979631533733695,1
2024-05-18,22512.85,22520.25,22470.05,22502.0,0.0012021153675228545,1
2024-05-21,22404.55,22591.1,22404.55,22529.05,0.003051615580772381,1
2024-05-22,22576.6,22629.5,22483.15,22597.8,0.016366637460283842,1
2024-05-23,22614.1,22993.6,22577.45,22967.65,-0.00045934172629776704,0
2024-05-24,22930.75,23026.4,22908.0,22957.1,-0.0010737418924863253,0
2024-05-27,23038.95,23110.8,22871.2,22932.45,-0.0019317604529825322,0
2024-05-28,22977.15,22998.55,22858.5,22888.15,-0.00801506456397746,0
2024-05-29,22762.75,22825.5,22685.45,22704.7,-0.009515650944518063,0
2024-05-30,22617.45,22705.75,22417.0,22488.65,0.001869832115311469,1
2024-05-31,22568.1,22653.75,22465.1,22530.7,0.03254226455458555,1
2024-06-03,23337.9,23338.7,23062.3,23263.9,-0.059293583620975046,0
2024-06-04,23179.5,23179.5,21281.45,21884.5,0.033624254609426696,1
2024-06-05,22128.35,22670.4,21791.95,22620.35,0.00888801455326743,1
2024-06-06,22798.6,22910.15,22642.6,22821.4,0.020539931818380992,1
2024-06-07,22821.85,23320.2,22789.05,23290.15,-0.0013288879633665187,0
2024-06-10,23319.15,23411.9,23227.15,23259.2,0.00024291463162954088,1
2024-06-11,23283.75,23389.45,23206.65,23264.85,0.0024973296625597063,1
2024-06-12,23344.45,23441.95,23295.95,23322.95,0.0032564491198583683,1
2024-06-13,23480.95,23481.05,23353.9,23398.9,0.0028505613511745033,1
2024-06-14,23464.95,23490.4,23334.25,23465.6,0.003933417428065036,1
2024-06-18,23570.8,23579.05,23499.7,23557.9,-0.0017785965642099445,0
2024-06-19,23629.85,23664.0,23412.9,23516.0,0.0021687361796223848,1
2024-06-20,23586.15,23624.0,23442.6,23567.0,-0.002796282938006596,0
2024-06-21,23661.15,23667.1,23398.2,23501.1,0.0015637565901170584,1
2024-06-24,23382.3,23558.1,23350.0,23537.85,0.00779382993773861,1
2024-06-25,23577.1,23754.15,23562.05,23721.3,0.006218040326626281,1
2024-06-26,23723.1,23889.9,23670.45,23868.8,0.0073610738704920535,1
2024-06-27,23881.55,24087.45,23805.4,24044.5,-0.001409885836677887,0
2024-06-28,24085.9,24174.0,23985.8,24010.6,0.005470500528933146,1
2024-07-01,23992.95,24164.0,23992.7,24141.95,-0.0007497323124272141,0
2024-07-02,24228.75,24236.35,24056.4,24123.85,0.006742290306066464,1
2024-07-03,24291.75,24309.15,24207.1,24286.5,0.0006443909167645175,1
2024-07-04,24369.95,24401.0,24281.0,24302.15,0.0008929251115640833,1
2024-07-05,24213.35,24363.0,24168.85,24323.85,-0.000135669312218225,0
2024-07-08,24329.45,24344.6,24240.55,24320.55,0.00463188538088166,1
2024-07-09,24351.0,24443.6,24331.9,24433.2,-0.004450911055449143,0
2024-07-10,24459.85,24461.05,24141.8,24324.45,-0.00034944263899080964,0
2024-07-11,24396.55,24402.65,24193.75,24315.95,0.007657525204649652,1
2024-07-12,24387.95,24592.2,24331.15,24502.15,0.003450717590089003,1
2024-07-15,24587.6,24635.05,24522.75,24586.7,0.001069684016155046,1
2024-07-16,24615.9,24661.25,24587.65,24613.0,0.007632145614106307,1
2024-07-18,24543.8,24837.75,24504.45,24800.85,-0.01088470758058684,0
2024-07-19,24853.8,24854.8,24508.15,24530.9,-0.0008825603626447237,0
2024-07-22,24445.75,24595.2,24362.3,24509.25,-0.001232187847445382,0
2024-07-23,24568.9,24582.55,24074.2,24479.05,-0.002677799996323357,0
2024-07-24,24444.95,24504.25,24307.25,24413.5,-0.0003031109836771235,0
2024-07-25,24230.95,24426.15,24210.8,24406.1,0.017567329479105633,1
2024-07-26,24423.35,24861.15,24410.9,24834.85,5.0332496471692e-05,1
2024-07-29,24943.3,24999.75,24774.6,24836.1,0.000853596176533382,1
2024-07-30,24839.4,24971.75,24798.65,24857.3,0.0037755508442188887,1
2024-07-31,24886.7,24984.6,24856.5,24951.15,0.00239467920316298,1
2024-08-01,25030.95,25078.3,24956.4,25010.9,-0.011722888820474302,0
2024-08-02,24789.0,24851.9,24686.85,24717.7,-0.02678647285143853,0
2024-08-05,24302.85,24350.05,23893.7,24055.6,-0.0026210113237665773,0
2024-08-06,24189.85,24382.6,23960.4,23992.55,0.012710195456506321,1
2024-08-07,24289.4,24337.7,24184.9,24297.5,-0.007428747813561066,0
2024-08-08,24248.55,24340.5,24079.7,24117.0,0.010386864037815649,1
2024-08-09,24386.85,24419.75,24311.2,24367.5,-0.0008412844977941931,0
2024-08-12,24320.05,24472.8,24212.1,24347.0,-0.008543146999630345,0
2024-08-13,24342.35,24359.95,24116.5,24139.0,0.00019677699987571978,1
2024-08-14,24184.4,24196.5,24099.7,24143.75,0.01645974631115719,1
2024-08-16,24334.85,24563.9,24204.5,24541.15,0.0012835584314508488,1
2024-08-19,24636.35,24638.8,24522.95,24572.65,0.005135791215029599,1
2024-08-20,24648.9,24734.3,24607.2,24698.85,0.0028887984663254437,1
2024-08-21,24680.55,24787.95,24654.5,24770.2,0.0016673260611540994,1
2024-08-22,24863.4,24867.35,24784.45,24811.5,0.0004695403341193179,1
2024-08-23,24845.4,24858.4,24771.65,24823.15,0.0075514187361393325,1
2024-08-26,24906.1,25043.8,24874.7,25010.6,0.0002858787873942031,1
2024-08-27,25024.8,25073.1,24973.65,25017.75,0.0013830180571793446,1
2024-08-28,25030.8,25129.6,24964.65,25052.35,0.003975674936682674,1
2024-08-29,25035.3,25192.9,24998.5,25151.95,0.00333771337808801,1
2024-08-30,25249.7,25268.35,25199.4,25235.9,0.0016959965763059478,1
2024-09-02,25333.6,25333.65,25235.5,25278.7,4.549284575543114e-05,1
2024-09-03,25313.4,25321.7,25235.8,25279.85,-0.0032100665154262318,0
2024-09-04,25089.95,25216.0,25083.8,25198.7,-0.0021270938580165715,0
2024-09-05,25250.5,25275.45,25127.75,25145.1,-0.011650381187587128,0
2024-09-06,25093.7,25168.75,24801.3,24852.15,0.0033900487482974306,1
2024-09-09,24823.4,24957.5,24753.15,24936.4,0.0041986814455974835,1
2024-09-10,24999.4,25130.5,24896.8,25041.1,-0.004897947773859688,0
2024-09-11,25034.0,25113.7,24885.15,24918.45,0.018879585206945083,1
2024-09-12,25059.65,25433.35,24941.45,25388.9,-0.0012761482380095812,0
2024-09-13,25430.45,25430.5,25292.45,25356.5,0.0010746751326089958,1
2024-09-16,25406.65,25445.7,25336.2,25383.75,0.0013709558280395637,1
2024-09-17,25416.9,25441.65,25352.25,25418.55,-0.001612995233795791,0
2024-09-18,25402.4,25482.2,25285.55,25377.55,0.0015072376963103215,1
2024-09-19,25487.05,25611.95,25376.05,25415.8,0.014760503308965348,1
2024-09-20,25525.95,25849.25,25426.6,25790.95,0.005742324342453401,1
2024-09-23,25872.55,25956.0,25847.35,25939.05,5.2045082607195824e-05,1
2024-09-24,25921.45,26011.55,25886.85,25940.4,0.0024575565527131422,1
2024-09-25,25899.45,26032.8,25871.35,26004.15,0.008148699342220293,1
2024-09-26,26005.4,26250.9,25998.4,26216.05,-0.0014151636116042862,0
2024-09-27,26248.25,26277.35,26151.4,26178.95,-0.014060915353748036,0
2024-09-30,26061.3,26134.7,25794.1,25810.85,-0.000540470383578886,0
2024-10-01,25788.45,25907.6,25739.2,25796.9,-0.021196345297303278,0
2024-10-03,25452.85,25639.45,25230.3,25250.1,-0.009326695735858473,0
2024-10-04,25181.9,25485.05,24966.8,25014.6,-0.008748890647861591,0
2024-10-07,25084.1,25143.0,24694.35,24795.75,0.008767631549761611,1
2024-10-08,24832.2,25044.0,24756.8,25013.15,-0.0012473438971101491,0
2024-10-09,25065.8,25234.05,24947.7,24981.95,0.0006604768642960217,1
2024-10-10,25067.05,25134.05,24979.4,24998.45,-0.001368084821258947,0
2024-10-11,24985.3,25028.65,24920.05,24964.25,0.006557377049180357,1
2024-10-14,25023.45,25159.75,25017.5,25127.95,-0.0028096203629823435,0
2024-10-15,25186.3,25212.05,25008.15,25057.35,-0.003434122123847864,0
2024-10-16,25008.55,25093.4,24908.45,24971.3,-0.008868180671410809,0
2024-10-17,25027.4,25029.5,24728.9,24749.85,0.004210126526019379,1
2024-10-18,24664.95,24886.2,24567.65,24854.05,-0.0029351353199981787,0
2024-10-21,24956.15,24978.3,24679.6,24781.1,-0.012469180141317376,0
2024-10-22,24798.65,24882.0,24445.8,24472.1,-0.0014955806816741737,0
2024-10-23,24378.15,24604.25,24378.1,24435.5,-0.0014773587608192403,0
2024-10-24,24412.7,24480.65,24341.2,24399.4,-0.008959236702541954,0
2024-10-25,24418.05,24440.25,24073.9,24180.8,0.006548584000529436,1
2024-10-28,24251.1,24492.6,24134.9,24339.15,0.005246691030705554,1
2024-10-29,24328.85,24484.5,24140.85,24466.85,-0.00514982517160975,0
2024-10-30,24371.45,24498.2,24307.3,24340.85,-0.005566773551457735,0
2024-10-31,24349.85,24372.45,24172.6,24205.35,0.004090004895611921,1
2024-11-01,24302.75,24368.25,24280.2,24304.35,-0.012713773460306488,0
2024-11-04,24315.75,24316.75,23816.15,23995.35,0.009083009833155204,1
2024-11-05,23916.5,24229.05,23842.75,24213.3,0.011181871120417292,1
2024-11-06,24308.75,24537.6,24204.05,24484.05,-0.01162797821438858,0
2024-11-07,24489.6,24503.35,24179.05,24199.35,-0.0021136931363858044,0
2024-11-08,24207.7,24276.15,24066.65,24148.2,-0.0002857355827764163,0
2024-11-11,24087.25,24336.8,24004.6,24141.3,-0.010680866399075383,0
2024-11-12,24225.8,24242.0,23839.15,23883.45,-0.013582627300494754,0
2024-11-13,23822.45,23873.6,23509.6,23559.05,-0.001118466152073133,0
2024-11-14,23542.15,23675.9,23484.15,23532.7,-0.003352781448792593,0
2024-11-18,23605.3,23606.8,23350.4,23453.8,0.002758614808687749,1
2024-11-19,23529.55,23780.65,23464.8,23518.5,-0.007168824542381468,0
2024-11-21,23488.45,23507.3,23263.15,23349.9,0.023869481239748285,1
2024-11-22,23411.8,23956.1,23359.0,23907.25,0.01316127952817666,1
2024-11-25,24253.55,24351.55,24135.45,24221.9,-0.0011312077087264605,0
2024-11-26,24343.3,24343.3,24125.4,24194.5,0.003323069292607884,1
2024-11-27,24204.8,24354.55,24145.65,24274.9,-0.014861029293632517,0
2024-11-28,24274.15,24345.75,23873.35,23914.15,0.009072034757664273,1
2024-11-29,23927.15,24188.45,23927.15,24131.1,0.006006771344862055,1
2024-12-02,24140.85,24301.7,24008.65,24276.05,0.007460027475639661,1
2024-12-03,24367.5,24481.35,24280.0,24457.15,0.0004211447368151756,1
2024-12-04,24488.75,24573.2,24366.3,24467.45,0.009847777353177415,1
2024-12-05,24539.15,24857.75,24295.55,24708.4,-0.0012384452251057204,0
2024-12-06,24729.45,24751.05,24620.5,24677.8,-0.0023827083451522938,0
2024-12-09,24633.9,24705.0,24580.05,24619.0,-0.0003635403550103874,0
2024-12-10,24652.65,24677.8,24510.65,24610.05,0.00129012334391844,1
2024-12-11,24620.5,24691.75,24583.85,24641.8,-0.00377813309092674,0
2024-12-12,24604.45,24675.25,24527.95,24548.7,0.008945483874909814,1
2024-12-13,24498.35,24792.3,24180.8,24768.3,-0.004039437506813115,0
2024-12-16,24753.4,24781.25,24601.75,24668.25,-0.013468730047733423,0
2024-12-17,24584.8,24624.1,24303.45,24336.0,-0.0056356837606838205,0
2024-12-18,24297.95,24394.45,24149.85,24198.85,-0.010213295259898624,0
2024-12-19,23877.15,24004.9,23870.3,23951.7,-0.01520560127256106,0
2024-12-20,23960.7,24065.8,23537.35,23587.5,0.007035506094329655,1
2024-12-23,23738.2,23869.55,23647.2,23753.45,-0.0010861580107310422,0
2024-12-24,23769.1,23867.65,23685.15,23727.65,0.00095036803054661,1
2024-12-26,23775.8,23854.5,23653.6,23750.2,0.0026610302229034166,1
2024-12-27,23801.4,23938.85,23800.6,23813.4,-0.007075848051937144,0
2024-12-30,23796.9,23915.35,23599.3,23644.9,-4.2292418239105594e-06,0
2024-12-31,23560.6,23689.85,23460.45,23644.8,0.004148903775883162,1
2025-01-01,23637.65,23822.8,23562.8,23742.9,0.01877403350054121,1
2025-01-02,23783.0,24226.7,23751.55,24188.65,-0.0076027393012839265,0
2025-01-03,24196.4,24196.45,23976.0,24004.75,-0.016192628542267707,0
2025-01-06,24045.8,24089.95,23551.9,23616.05,0.003889304096155038,1
2025-01-07,23679.9,23795.2,23637.8,23707.9,-0.0007993116218644725,0
2025-01-08,23746.65,23751.85,23496.15,23688.95,-0.006857627712498896,0
2025-01-09,23674.75,23689.5,23503.05,23526.5,-0.00403799970246318,0
2025-01-10,23551.9,23596.6,23344.35,23431.5,-0.014747241960608552,0
2025-01-13,23195.4,23340.95,23047.25,23085.95,0.0039028066854514777,1
2025-01-14,23165.9,23264.95,23134.15,23176.05,0.0016029478707545702,1
2025-01-15,23250.45,23293.65,23146.45,23213.2,0.004247583271586793,1
2025-01-16,23377.25,23391.65,23272.05,23311.8,-0.0046585849226571325,0
2025-01-17,23277.1,23292.1,23100.35,23203.2,0.006100451661839715,1
2025-01-20,23290.4,23391.1,23170.65,23344.75,-0.013711862410177815,0
2025-01-21,23421.65,23426.3,22976.85,23024.65,0.005676524941747088,1
2025-01-22,23099.15,23169.55,22981.3,23155.35,0.0021593281898135853,1
2025-01-23,23128.3,23270.8,23090.65,23205.35,-0.004876030742910485,0
2025-01-24,23183.9,23347.3,23050.0,23092.2,-0.011391292297832136,0
2025-01-27,22940.15,23007.45,22786.9,22829.15,0.005611247024089751,1
2025-01-28,22960.45,23137.95,22857.65,22957.25,0.008966666303673067,1
2025-01-29,23026.75,23183.35,22976.5,23163.1,0.00373007067275112,1
2025-01-30,23169.5,23322.05,23139.2,23249.5,0.011135723348889286,1
2025-01-31,23296.75,23546.8,23277.4,23508.4,-0.0011166221435742116,0
2025-02-01,23528.6,23632.45,23318.3,23482.15,-0.005157108697457523,0
2025-02-03,23319.35,23381.6,23222.0,23361.05,0.016189340804458736,1
2025-02-04,23509.9,23762.75,23423.15,23739.25,-0.0018092399717767296,0
2025-02-05,23801.75,23807.3,23680.45,23696.3,-0.0039225533100104544,0
2025-02-06,23761.95,23773.55,23556.25,23603.35,-0.0018387220458112013,0
2025-02-07,23649.5,23694.5,23443.2,23559.95,-0.00757005002132866,0
2025-02-10,23543.8,23568.6,23316.3,23381.6,-0.013249734834228593,0
2025-02-11,23383.55,23390.05,22986.65,23071.8,-0.001150755467713801,0
2025-02-12,23050.8,23144.7,22798.35,23045.25,-0.0006009915275381497,0
2025-02-13,23055.75,23235.5,22992.2,23031.4,-0.004435249268390173,0
2025-02-14,23096.45,23133.7,22774.85,22929.25,0.001319275597762683,1
2025-02-17,22809.9,22974.2,22725.45,22959.5,-0.0006184803676038558,0
2025-02-18,22963.65,22992.5,22801.5,22945.3,-0.0005404156842576832,0
2025-02-19,22847.25,23049.95,22814.85,22932.9,-0.0008612081332932162,0
2025-02-20,22821.1,22923.85,22812.75,22913.15,-0.005117148886119979,0
2025-02-21,22857.2,22921.0,22720.3,22795.9,-0.010640071240881163,0
2025-02-24,22609.35,22668.05,22518.8,22553.35,-0.0002571680038663557,0
2025-02-25,22516.45,22625.3,22513.9,22547.55,-0.00011087679149175853,0
2025-02-27,22568.95,22613.3,22508.4,22545.05,-0.018644891007116797,0
2025-02-28,22433.4,22450.35,22104.85,22124.7,-0.00024407110604896133,0
2025-03-03,22194.55,22261.55,22004.7,22119.3,-0.001656924043708337,0
2025-03-04,21974.45,22105.05,21964.6,22082.65,0.011531677583985519,1
2025-03-05,22073.05,22394.9,22067.8,22337.3,0.009284918051868466,1
2025-03-06,22476.35,22556.45,22245.85,22544.7,0.0003459793210820846,1
2025-03-07,22508.65,22633.8,22464.75,22552.5,-0.004088238554484014,0
2025-03-10,22521.85,22676.75,22429.05,22460.3,0.0016740649056335927,1
2025-03-11,22345.95,22522.1,22314.7,22497.9,-0.0012178914476462894,0
2025-03-12,22536.35,22577.4,22329.55,22470.5,-0.003262054693932012,0
2025-03-13,22541.5,22558.05,22377.35,22397.2,0.0049805332809458,1
2025-03-17,22353.15,22577.0,22353.15,22508.75,0.014463264286110925,1
2025-03-18,22662.25,22857.8,22599.2,22834.3,0.0032100830767748203,1
2025-03-19,22874.95,22940.7,22807.95,22907.6,0.0123561612739878,1
2025-03-20,23036.6,23216.7,22973.95,23190.65,0.0068885520673202345,1
2025-03-21,23168.25,23402.7,23132.8,23350.4,0.013188210908592447,1
2025-03-24,23515.4,23708.75,23433.5,23658.35,0.0004353642582852528,1
2025-03-25,23751.5,23869.6,23601.4,23668.65,-0.007681046447516141,0
2025-03-26,23700.95,23736.5,23451.7,23486.85,0.004474844434226054,1
2025-03-27,23433.95,23646.45,23412.2,23591.95,-0.003077320865803894,0
2025-03-28,23600.4,23649.2,23450.2,23519.35,-0.015036555006834706,0
2025-04-01,23341.1,23565.15,23136.4,23165.7,0.007193825353863592,1
2025-04-02,23192.6,23350.0,23158.45,23332.35,-0.0035251485598321647,0
2025-04-03,23150.3,23306.5,23145.8,23250.1,-0.014866602724289265,0
2025-04-04,23190.4,23214.7,22857.45,22904.45,-0.03243256223135688,0
2025-04-07,21758.4,22254.0,21743.65,22161.6,0.016887318605154862,1
2025-04-08,22446.75,22697.2,22270.85,22535.85,-0.00606589056991403,0
2025-04-09,22460.3,22468.7,22353.25,22399.15,0.019170370304230196,1
2025-04-11,22695.4,22923.9,22695.4,22828.55,0.021902398531663203,1
2025-04-15,23368.35,23368.35,23207.0,23328.55,0.0046573833350123115,1
2025-04-16,23344.1,23452.2,23273.05,23437.2,0.017683426347857283,1
2025-04-17,23401.85,23872.35,23298.55,23851.65,0.011483482274811085,1
2025-04-21,23949.15,24189.55,23903.65,24125.55,0.0017284580040662588,1
2025-04-22,24185.4,24242.6,24072.0,24167.25,0.006690872978928125,1
2025-04-23,24357.6,24359.3,24119.95,24328.95,-0.0033807459836943227,0
2025-04-24,24277.9,24347.85,24216.15,24246.7,-0.008551679197581616,0
2025-04-25,24289.0,24365.45,23847.85,24039.35,0.012028195437896677,1
2025-04-28,24070.25,24355.1,24054.05,24328.5,0.0003062252091169093,1
2025-04-29,24370.7,24457.65,24290.75,24335.95,-7.191007542339626e-05,0
2025-04-30,24342.05,24396.15,24198.75,24334.2,0.0005136803346730116,1
2025-05-02,24311.9,24589.15,24238.5,24346.7,0.004700842413961675,1
2025-05-05,24419.5,24526.4,24400.65,24461.15,-0.003333857974788712,0
2025-05-06,24500.75,24509.65,24331.8,24379.6,0.0014274229273656218,1
2025-05-07,24233.3,24449.6,24220.0,24414.4,-0.005758896389016407,0
2025-05-08,24431.5,24447.25,24150.2,24273.8,-0.01095007786172743,0
2025-05-09,23935.75,24164.25,23935.75,24008.0,0.03818310563145621,1
2025-05-12,24420.1,24944.8,24378.85,24924.7,-0.01389585431319142,0
2025-05-13,24864.05,24973.8,24547.5,24578.35,0.0036027642213575326,1
2025-05-14,24613.8,24767.55,24535.55,24666.9,0.01602147006717492,1
2025-05-15,24694.45,25116.25,24494.45,25062.1,-0.0016878074862042396,0
2025-05-16,25064.65,25070.0,24953.05,25019.8,-0.0029716464560067845,0
2025-05-19,25005.35,25062.95,24916.65,24945.45,-0.01048487800380427,0
2025-05-20,24996.2,25010.35,24669.7,24683.9,0.0052483602672186835,1
2025-05-21,24744.25,24946.2,24685.35,24813.45,-0.00821127251551074,0
2025-05-22,24733.95,24737.5,24462.4,24609.7,0.009892440785543941,1
2025-05-23,24639.5,24909.05,24614.05,24853.15,0.005954979549875971,1
2025-05-26,24919.35,25079.2,24900.5,25001.15,-0.0069976781068071155,0
2025-05-27,24956.65,25062.9,24704.1,24826.2,-0.0029706519725129095,0
2025-05-28,24832.5,24864.25,24737.05,24752.45,0.0032784633440325226,1
2025-05-29,24825.1,24892.6,24677.3,24833.6,-0.0033382191869079725,0
2025-05-30,24812.6,24863.95,24717.4,24750.7,-0.0013777388114276437,0
2025-06-02,24669.7,24754.4,24526.15,24716.6,-0.007043849073092519,0
2025-06-03,24786.3,24845.1,24502.15,24542.5,0.003165936640521574,1
2025-06-04,24560.45,24644.25,24530.45,24620.2,0.005308648995540277,1
2025-06-05,24691.2,24899.85,24613.1,24750.9,0.010187508333030225,1
2025-06-06,24748.7,25029.5,24671.45,25003.05,0.004005511327618089,1
2025-06-09,25160.1,25160.1,25077.15,25103.2,4.1827336753851e-05,1
2025-06-10,25196.05,25199.3,25055.45,25104.25,0.001479829112600514,1
2025-06-11,25134.15,25222.4,25081.3,25141.4,-0.010071038207896168,0
2025-06-12,25164.45,25196.2,24825.9,24888.2,-0.00681447432920027,0
2025-06-13,24473.0,24754.35,24473.0,24718.6,0.00921977781913221,1
2025-06-16,24732.35,24967.1,24703.6,24946.5,-0.0037319864510050927,0
2025-06-17,24977.85,24982.05,24813.7,24853.4,-0.0016637562667482992,0
2025-06-18,24788.35,24947.55,24750.45,24812.05,-0.0007576963612438018,0
2025-06-19,24803.25,24863.1,24733.4,24793.25,0.012872455204541618,1
2025-06-20,24787.65,25136.2,24783.65,25112.4,-0.005594845574297956,0
2025-06-23,24939.75,25057.0,24824.85,24971.9,0.0029012610173834224,1
2025-06-24,25179.9,25317.7,24999.7,25044.35,0.008001804798287895,1
2025-06-25,25150.35,25266.8,25125.05,25244.75,0.01205201081412967,1
2025-06-26,25268.95,25565.3,25259.9,25549.0,0.003475674194684695,1
2025-06-27,25576.65,25654.2,25523.55,25637.8,-0.004709842498186272,0
2025-06-30,25661.65,25669.35,25473.3,25517.05,0.0009699397069802348,1
2025-07-01,25551.35,25593.4,25501.8,25541.8,-0.00346099335207377,0
2025-07-02,25588.3,25608.1,25378.75,25453.4,-0.0018897278948982132,0
2025-07-03,25505.1,25587.5,25384.35,25405.3,0.0021924559048702723,1
2025-07-04,25428.85,25470.25,25331.65,25461.0,1.1782726522888827e-05,1
2025-07-07,25450.45,25489.8,25407.25,25461.3,0.002403647889149444,1
2025-07-08,25427.85,25548.05,25424.15,25522.5,-0.0018180037222059538,0
2025-07-09,25514.6,25548.7,25424.35,25476.1,-0.004743661706462079,0
2025-07-10,25511.65,25524.05,25340.45,25355.25,-0.008100886404196426,0
2025-07-11,25255.5,25322.45,25129.0,25149.85,-0.0026859007111374135,0
2025-07-14,25149.5,25151.1,25001.95,25082.3,0.004525103359739737,1
2025-07-15,25089.5,25245.2,25088.45,25195.8,0.0006449487613014868,1
2025-07-16,25196.6,25255.3,25121.05,25212.05,-0.0039901555010401196,0
2025-07-17,25230.75,25238.35,25101.0,25111.45,-0.00569660453697414,0
2025-07-18,25108.55,25144.6,24918.65,24968.4,0.00489819131382064,1
2025-07-21,24999.0,25111.4,24882.3,25090.7,-0.0011876910568457346,0
2025-07-22,25166.65,25182.0,25035.55,25060.9,0.006344544689137261,1
2025-07-23,25139.35,25233.5,25085.5,25219.9,-0.0062569637468825375,0
2025-07-24,25243.3,25246.25,25018.7,25062.1,-0.008981689483323367,0
2025-07-25,25010.35,25010.35,24806.35,24837.0,-0.006284978056931133,0
2025-07-28,24782.45,24889.2,24646.6,24680.9,0.005680505978306993,1
2025-07-29,24609.65,24847.15,24598.6,24821.1,0.0013677878901418845,1
2025-07-30,24890.4,24902.3,24771.95,24855.05,-0.003488224726966984,0
2025-07-31,24642.25,24956.5,24635.0,24768.35,-0.008195943613522903,0
2025-08-01,24734.9,24784.15,24535.05,24565.35,0.006407399039704359,1
2025-08-04,24596.05,24736.25,24554.0,24722.75,-0.002960835667553194,0
2025-08-05,24720.25,24733.1,24590.3,24649.55,-0.0030568509364267723,0
2025-08-06,24641.35,24671.4,24539.2,24574.2,0.0008932132073475729,1
2025-08-07,24464.2,24634.2,24344.15,24596.15,-0.009466928767307167,0
2025-08-08,24544.25,24585.5,24337.5,24363.3,0.009101804763722484,1
2025-08-11,24371.5,24600.85,24347.45,24585.05,-0.003971926028216246,0
2025-08-12,24563.35,24702.6,24465.65,24487.4,0.005388485506831966,1
2025-08-13,24586.2,24664.55,24535.25,24619.35,0.0004853905566150499,1
2025-08-14,24607.25,24673.65,24596.9,24631.3,0.009973083028504443,1
2025-08-18,24938.2,25022.0,24852.85,24876.95,0.0041685174428537555,1
2025-08-19,24891.35,25012.65,24873.95,24980.65,0.0027981657803138756,1
2025-08-20,24965.8,25088.7,24929.7,25050.55,0.0013253202025504721,1
2025-08-21,25142.0,25153.65,25054.9,25083.75,-0.008517466487267712,0
2025-08-22,25064.15,25084.85,24859.15,24870.1,0.003926401582623369,1
2025-08-25,24949.15,25021.55,24894.35,24967.75,-0.010241211162399524,0
2025-08-26,24899.5,24919.65,24689.6,24712.05,-0.008544414566982416,0
2025-08-28,24695.8,24702.65,24481.6,24500.9,-0.0030223379549323866,0
2025-08-29,24466.7,24572.45,24404.7,24426.85,0.008114022069976306,1
2025-09-01,24432.7,24635.6,24432.7,24625.05,-0.001845681531611133,0
2025-09-02,24653.0,24756.1,24522.35,24579.6,0.005510667382707641,1
2025-09-03,24616.5,24737.05,24533.2,24715.05,0.0007788776474253542,1
2025-09-04,24980.75,24980.75,24708.2,24734.3,0.0002708789009594259,1
2025-09-05,24818.85,24832.35,24621.6,24741.0,0.0012994624307829698,1
2025-09-08,24802.6,24885.5,24751.55,24773.15,0.0038529617751475722,1
2025-09-09,24864.1,24891.8,24814.0,24868.6,0.004202086164882623,1
2025-09-10,24991.0,25035.7,24915.05,24973.1,0.0012973959980940074,1
2025-09-11,24945.5,25037.3,24940.15,25005.5,0.0043390454100097975,1
2025-09-12,25074.45,25139.45,25038.05,25114.0,-0.0017838655729871494,0
2025-09-15,25118.9,25138.45,25048.75,25069.2,0.006777240598024581,1
2025-09-16,25073.6,25261.4,25070.45,25239.1,0.0036114599965926465,1
2025-09-17,25276.6,25346.5,25275.35,25330.25,0.003685316962919772,1
2025-09-18,25441.05,25448.95,25329.75,25423.6,-0.0037976525747730173,0
2025-09-19,25410.2,25431.4,25286.3,25327.05,-0.004923589600841816,0
2025-09-22,25238.1,25331.7,25151.05,25202.35,-0.0013034498766979488,0
2025-09-23,25209.0,25261.9,25084.65,25169.5,-0.004473668527384276,0
2025-09-24,25108.75,25149.85,25027.45,25056.9,-0.006626917136597221,0
2025-09-25,25034.5,25092.7,24878.3,24890.85,-0.009487422084822247,0
2025-09-26,24818.55,24868.6,24629.45,24654.7,-0.000803092310999496,0
2025-09-29,24728.55,24791.3,24606.2,24634.9,-0.0009661090566636321,0
2025-09-30,24691.95,24731.8,24587.7,24611.1,0.009150342731531737,1
2025-10-01,24620.55,24867.95,24605.95,24836.3,0.002333278306350009,1
2025-10-03,24759.55,24904.8,24747.55,24894.25,0.007367163099912689,1
2025-10-06,24916.55,25095.95,24881.65,25077.65,0.0012222038348887482,1
2025-10-07,25085.3,25220.9,25076.3,25108.3,-0.0024752770996044264,0
2025-10-08,25079.75,25192.5,25008.5,25046.15,0.005416002060196789,1
2025-10-09,25074.3,25199.25,25024.3,25181.8,0.004112096831838839,1
2025-10-10,25167.65,25330.75,25156.85,25285.35,-0.002293818357270119,0
2025-10-13,25177.3,25267.3,25152.3,25227.35,-0.003244494566412982,0
2025-10-14,25277.55,25310.35,25060.55,25145.5,0.007080789803344506,1
2025-10-15,25181.95,25365.15,25159.35,25323.55,0.01033622853036008,1
2025-10-16,25394.9,25625.4,25376.85,25585.3,0.004868029688922908,1
2025-10-17,25546.85,25781.5,25508.6,25709.85,0.0051847832640020425,1
2025-10-20,25824.6,25926.2,25788.5,25843.15,0.0009847870712353984,1
2025-10-21,25901.2,25934.35,25825.8,25868.6,0.0008813774228216027,1
2025-10-23,26057.2,26104.2,25862.45,25891.4,-0.003717450582046548,0
2025-10-24,25935.1,25944.15,25718.2,25795.15,0.0066252764570083065,1
2025-10-27,25843.2,26005.95,25827.0,25966.05,-0.0011495780066663411,0
2025-10-28,25939.95,26041.7,25810.05,25936.2,0.004538058774994052,1
2025-10-29,25982.0,26097.85,25960.3,26053.9,-0.006757145763206388,0
2025-10-30,25984.4,26032.05,25845.25,25877.85,-0.006018660746545792,0
2025-10-31,25863.8,25953.75,25711.2,25722.1,0.0016036793263380518,1
2025-11-03,25696.85,25803.1,25645.5,25763.35,-0.006431617006328645,0
2025-11-04,25744.75,25787.4,25578.4,25597.65,-0.003435862276419934,0
2025-11-06,25593.35,25679.15,25491.55,25509.7,-0.0006820934781671856,0
2025-11-07,25433.8,25551.25,25318.45,25492.3,0.003218618955527719,1
2025-11-10,25503.5,25653.45,25503.5,25574.35,0.004715662372650808,1
2025-11-11,25617.0,25715.8,25449.25,25694.95,0.007038348002233845,1
2025-11-12,25834.3,25934.55,25781.15,25875.8,0.00012946459626377477,1
2025-11-13,25906.1,26010.7,25808.4,25879.15,0.001194011395273717,1
2025-11-14,25767.9,25940.2,25740.8,25910.05,0.003990729465979474,1
2025-11-17,25948.2,26024.2,25906.35,26013.45,-0.003974866847726905,0
2025-11-18,26021.8,26029.85,25876.5,25910.05,0.005503655917298584,1
2025-11-19,25918.1,26074.65,25856.2,26052.65,0.00535454166850589,1
2025-11-20,26132.1,26246.65,26063.2,26192.15,-0.004734242893385995,0
2025-11-21,26109.55,26179.2,26052.2,26068.15,-0.004167921390662607,0
2025-11-24,26122.8,26142.8,25912.15,25959.5,-0.0028775592750245856,0
2025-11-25,25998.5,26032.6,25857.5,25884.8,0.012381783904067252,1
2025-11-26,25842.95,26215.15,25842.95,26205.3,0.00039114224985022116,1
2025-11-27,26261.25,26310.45,26141.9,26215.55,-0.0004806307706684981,0
2025-11-28,26237.45,26280.75,26172.4,26202.95,-0.001038051059136499,0
2025-12-01,26325.8,26325.8,26124.2,26175.75,-0.005484083550614568,0
2025-12-02,26087.95,26154.6,25997.85,26032.2,-0.00177472514808586,0
2025-12-03,26004.9,26066.45,25891.0,25986.0,0.0018375278996382667,1
2025-12-04,25981.85,26098.25,25938.95,26033.75,0.005865463100782666,1
2025-12-05,25999.8,26202.6,25985.35,26186.45,-0.0086265988707901,0
2025-12-08,26159.8,26178.7,25892.25,25960.55,-0.0046570662023723616,0
2025-12-09,25867.1,25923.65,25728.0,25839.65,-0.003159872521493188,0
2025-12-10,25864.05,25947.65,25734.55,25758.0,0.0054565571861169065,1
2025-12-11,25771.4,25922.8,25693.25,25898.55,0.005730050524064145,1
2025-12-12,25971.2,26057.6,25938.45,26046.95,-0.0007544069459188679,0
2025-12-15,25930.05,26047.15,25904.75,26027.3,-0.006424024005563417,0
2025-12-16,25951.5,25980.75,25834.35,25860.1,-0.0016067223251263248,0
2025-12-17,25902.4,25929.15,25770.35,25818.55,-0.00011619552608492731,0
2025-12-18,25764.7,25902.35,25726.3,25815.55,0.005843377344275143,1
2025-12-19,25911.5,25993.35,25880.45,25966.4,0.007933329225460594,1
2025-12-22,26055.85,26180.7,26047.8,26172.4,0.00018148889670034082,1
2025-12-23,26205.2,26233.55,26119.05,26177.15,-0.0013389540114184665,0
2025-12-24,26170.65,26236.4,26123.0,26142.1,-0.003817596903079679,0
2025-12-26,26121.25,26144.2,26008.6,26042.3,-0.003847586426698131,0
2025-12-29,26063.35,26106.8,25920.3,25942.1,-0.0001252789866664611,0
2025-12-30,25940.9,25976.75,25878.0,25938.85,0.007353834113694324,1
2025-12-31,25971.05,26187.95,25969.0,26129.6,0.0006486896087196409,1
2026-01-01,26173.3,26197.55,26113.4,26146.55,0.006960765378223896,1
2026-01-02,26155.1,26340.0,26118.4,26328.55,-0.0029720588486642826,0
2026-01-05,26333.7,26373.2,26210.05,26250.3,-0.002727587875186133,0
2026-01-06,26189.7,26273.95,26124.75,26178.7,-0.0014496518161711898,0
2026-01-07,26143.1,26187.15,26067.9,26140.75,-0.01009534921530566,0
2026-01-08,26106.5,26133.2,25858.45,25876.85,-0.007479658459201923,0
2026-01-09,25840.4,25940.6,25623.0,25683.3,0.0041641845090000405,1
2026-01-12,25669.05,25813.15,25473.4,25790.25,-0.002246973177848246,0
2026-01-13,25897.35,25899.8,25603.3,25732.3,-0.002592072997749938,0
2026-01-14,25648.55,25791.75,25603.95,25665.6,0.0011201764229162772,1
2026-01-16,25696.05,25873.5,25662.4,25694.35,-0.004236339895735777,0
2026-01-19,25653.1,25653.3,25494.35,25585.5,-0.013796877137441129,0
2026-01-20,25580.3,25585.0,25171.35,25232.5,-0.002972357079163777,0
2026-01-21,25141.0,25300.95,24919.8,25157.5,0.005262844082281683,1
2026-01-22,25344.15,25435.75,25168.5,25289.9,-0.009539381334050351,0
2026-01-23,25344.6,25347.95,25025.3,25048.65,0.00506015294237414,1
2026-01-27,25063.35,25246.65,24932.55,25175.4,0.0066473621074540435,1
2026-01-28,25258.85,25372.1,25187.65,25342.75,0.003004804135305026,1
2026-01-29,25345.0,25458.15,25159.8,25418.9,-0.0038652341368037167,0
2026-01-30,25247.55,25370.7,25213.65,25320.65,-0.019557159867538972,0
2026-02-01,25333.75,25440.9,24571.75,24825.45,0.010591953015957443,1
2026-02-02,24796.5,25108.1,24679.4,25088.4,0.025475917156932995,1
2026-02-03,26308.05,26341.2,25641.3,25727.55,0.0018831952517826506,1
2026-02-04,25675.05,25818.55,25563.95,25776.0,-0.005167597765363157,0
2026-02-05,25755.9,25757.65,25579.5,25642.8,0.001984962640585328,1
2026-02-06,25605.8,25703.95,25491.9,25693.7,0.00675652008079796,1
2026-02-09,25888.7,25922.25,25780.9,25867.3,0.0026230027873029725,1
2026-02-10,25922.65,25989.45,25870.45,25935.15,0.0007210291824029199,1
2026-02-11,25997.45,26009.4,25899.8,25953.85,-0.005650414100412764,0
2026-02-12,25906.7,25906.7,25752.4,25807.2,-0.013023497318577845,0
2026-02-13,25571.15,25630.35,25444.3,25471.1,0.008309417339651662,1
2026-02-16,25423.6,25697.0,25372.7,25682.75,0.0016606477110123119,1
2026-02-17,25637.95,25764.4,25570.3,25725.4,0.003652032621455724,1
2026-02-18,25752.65,25828.05,25645.15,25819.35,-0.014136684308474071,0
2026-02-19,25873.35,25885.3,25388.75,25454.35,0.004592535264110121,1
2026-02-20,25406.55,25663.55,25379.75,25571.25,0.005543334799824021,1
2026-02-23,25678.4,25771.45,25609.35,25713.0,-0.011214171819702039,0
2026-02-24,25641.8,25641.8,25327.6,25424.65,0.002275350889786036,1
2026-02-25,25512.6,25652.6,25428.2,25482.5,0.000551358775630306,1
2026-02-26,25556.3,25572.95,25400.95,25496.55,-0.012468353561560204,0
2026-02-27,25459.85,25476.4,25141.3,25178.65,-0.012429181072059094,0
2026-03-02,24659.25,24989.35,24603.5,24865.7,-0.015491218827541581,0
2026-03-04,24388.8,24602.45,24305.4,24480.5,0.011658258613998957,1
2026-03-05,24615.95,24854.2,24529.4,24765.9,-0.01273727181325939,0
2026-03-06,24656.4,24700.8,24415.75,24450.45,-0.017275755660938814,0
2026-03-09,23868.05,24078.15,23697.8,24028.05,0.009719889878704235,1
2026-03-10,24280.8,24303.8,24079.95,24261.6,-0.016270567481122433,0
2026-03-11,24231.85,24299.0,23834.3,23866.85,-0.00954042950787377,0
2026-03-12,23674.85,23833.15,23556.3,23639.15,-0.02064583540440341,0
2026-03-13,23462.5,23492.4,23112.0,23151.1,0.01113122054675591,1
2026-03-16,23116.1,23502.0,22955.25,23408.8,0.00736261576842906,1
2026-03-17,23493.2,23656.8,23346.6,23581.15,0.00833928794821278,1
2026-03-18,23632.9,23862.25,23618.45,23777.8,-0.032620763905828035,0
2026-03-19,23197.75,23378.7,22930.35,23002.15,0.004884326030392748,1
2026-03-20,23110.15,23345.15,23067.6,23114.5,-0.02603776850029196,0
2026-03-23,22824.35,22851.7,22471.25,22512.65,0.017756683464629885,1
2026-03-24,22878.45,23057.3,22624.2,22912.4,0.017198111066496713,1
2026-03-25,23064.4,23465.35,23063.2,23306.45,-0.020889067189554914,0
2026-03-27,23173.55,23186.1,22804.55,22819.6,-0.02139388946344358,0
2026-03-30,22549.65,22714.1,22283.85,22331.4,0.015583438566323651,1
2026-04-01,22899.0,22941.3,22618.6,22679.4,0.001485929962873669,1
2026-04-02,22383.4,22782.3,22182.55,22713.1,0.011233605276250334,1
2026-04-06,22780.3,22998.35,22542.95,22968.25,0.0067658615697757316,1
2026-04-07,22838.7,23153.85,22719.3,23123.65,0.037783827380192876,1
2026-04-08,23855.15,24025.15,23828.5,23997.35,-0.009261439283920933,0
2026-04-09,23909.05,23990.75,23682.8,23775.1,0.01158775357411746,1
2026-04-10,23880.55,24074.05,23856.35,24050.6,-0.008646353937115794,0
2026-04-13,23589.6,23907.4,23555.6,23842.65,0.01630062094607763,1
2026-04-15,24163.8,24280.9,24145.8,24231.3,-0.0014258417831482123,0
2026-04-16,24385.2,24400.95,24102.8,24196.75,0.006480209118993223,1
2026-04-17,24165.9,24371.9,24096.05,24353.55,0.0004639980618841718,1
2026-04-20,24391.5,24480.65,24241.25,24364.85,0.00869079842477996,1
2026-04-21,24374.55,24601.7,24354.9,24576.6,-0.008076788489864343,0
2026-04-22,24470.85,24515.95,24352.9,24378.1,-0.008411237955377954,0
2026-04-23,24202.35,24310.2,24134.8,24173.05,-0.011380442269386715,0
2026-04-24,24100.55,24206.0,23813.65,23897.95,0.008149234557775876,1
2026-04-27,23945.45,24130.7,23936.2,24092.7,-0.004026115794410755,0
2026-04-28,24049.9,24181.8,23957.05,23995.7,0.007582608550698697,1
2026-04-29,24096.9,24334.7,24059.95,24177.65,-0.00744902833815537,0
2026-04-30,23996.95,24087.45,23796.85,23997.55,0.005073434579780019,1
2026-05-04,24063.55,24290.2,24004.75,24119.3,-0.0035863395703855418,0
2026-05-05,24052.6,24081.7,23882.05,24032.8,0.012405961852135475,1
2026-05-06,24171.0,24356.5,23997.9,24330.95,-0.00017672963858785917,0
2026-05-07,24398.5,24482.1,24284.0,24326.65,-0.006186630711585853,0
2026-05-08,24233.65,24253.8,24126.65,24176.15,-0.01490311732844158,0
2026-05-11,23970.1,23997.45,23799.1,23815.85,-0.018319732447088777,0
2026-05-12,23722.6,23757.55,23348.4,23379.55,0.0014136285771111624,1
2026-05-13,23362.45,23582.95,23262.55,23412.6,0.011831236171975774,1
2026-05-14,23530.25,23777.2,23426.55,23689.6,-0.0019460016209644126,0
2026-05-15,23731.4,23839.3,23610.3,23643.5,0.0002728022500899075,1
2026-05-18,23482.2,23695.65,23317.1,23649.95,-0.0013509542303472408,0
2026-05-19,23675.3,23782.3,23587.2,23618.0,0.0017359640951816412,1
2026-05-20,23457.25,23690.9,23397.3,23659.0,-0.0001817490172872595,0
2026-05-21,23830.05,23859.9,23596.6,23654.7,0.0027309583296342183,1
2026-05-22,23671.2,23835.65,23671.0,23719.3,0.013170709085006786,1
2026-05-25,23940.25,24054.45,23922.85,24031.7,-0.004910181135749863,0
2026-05-26,24004.1,24089.8,23885.45,23913.7,-0.00027390157106592757,0
2026-05-27,23880.35,23983.2,23858.25,23907.15,-0.015033159535954785,0
2026-05-29,23902.15,24002.8,23484.75,23547.75,-0.007013408924419593,0
2026-06-01,23654.5,23733.7,23357.95,23382.6,0.0043173128736753285,1
2026-06-02,23229.15,23556.95,23229.15,23483.55,-0.0033193448179683538,0
2026-06-03,23415.95,23459.65,23151.5,23405.6,0.0004678367570154462,1
2026-06-04,23282.45,23465.3,23247.3,23416.55,-0.0021288362290772357,0
2026-06-05,23478.95,23516.35,23282.65,23366.7,-0.010429371712736533,0
2026-06-08,23080.7,23267.3,23070.15,23123.0,0.005150715737577241,1
2026-06-09,23259.05,23279.4,23104.45,23242.1,-0.0011681388514806243,0
2026-06-10,23233.95,23425.35,23184.6,23214.95,-0.002298088085479494,0
2026-06-11,23104.4,23327.45,23072.05,23161.6,0.019916586073501094,1
2026-06-12,23412.55,23645.35,23313.9,23622.9,0.00977864699084363,1
2026-06-15,23984.85,24011.4,23817.8,23853.9,0.005669932380030099,1
2026-06-16,23923.9,24002.6,23888.2,23989.15,0.004024736182815951,1
2026-06-17,24044.5,24108.2,23969.7,24085.7,0.0034169652532415194,1
2026-06-18,24073.8,24189.25,24036.95,24168.0,-0.006409301555776293,0
2026-06-19,23991.2,24047.2,23901.9,24013.1,0.003739625454439573,1
2026-06-22,24106.6,24168.05,24073.15,24102.9,-0.011567072841857325,0
2026-06-23,24071.3,24135.5,23784.95,23824.1,0.008292023623138038,1
2026-06-24,23795.8,24090.05,23789.25,24021.65,0.0014299600568653088,1
2026-06-25,24125.85,24261.6,24039.0,24056.0,-0.004562271366810775,0
2026-06-29,24061.75,24120.0,23924.55,23946.25,-0.0033616954637991333,0
2026-06-30,24032.05,24035.55,23829.2,23865.75,0.005870337198705196,1
2026-07-01,23897.65,24049.9,23895.1,24005.85,0.007075358714646729,1
2026-07-02,24062.2,24194.55,24058.8,24175.7,0.003935770215546926,1
2026-07-03,24375.65,24378.15,24252.35,24270.85,0.0065716693070082014,1
2026-07-06,24306.85,24458.65,24287.1,24430.35,-0.0012955197121612182,0
2026-07-07,24464.45,24530.9,24348.95,24398.7,-0.02117530852053599,0
2026-07-08,24259.55,24300.0,23805.2,23882.05,0.0033812005250805524,1
2026-07-09,23928.95,24134.7,23925.7,23962.8,0.010186622598360884,1
2026-07-10,24124.7,24228.45,24120.35,24206.9,0.00016937319524592347,1
2026-07-13,24039.4,24259.8,24000.2,24211.0,-0.0065651976374375585,0
2026-07-14,24068.0,24157.1,24023.7,24052.05,0.0010996983625096708,1
2026-07-15,24085.85,24220.35,24010.55,24078.5,-0.00023880225097078306,0
2026-07-16,24142.1,24186.5,24050.0,24072.75,0.010864982189405003,1
2026-07-17,24127.6,24367.3,24099.05,24334.3,-0.003936829906757099,0
2026-07-20,24190.05,24266.1,24135.85,24238.5,-0.0020958392639808267,0
2026-07-21,24216.05,24262.2,24135.65,24187.7,-0.007915180029519166,0
2026-07-22,24150.45,24166.3,23961.4,23996.25,-0.005277908006459403,0
2026-07-23,23904.8,23990.75,23807.2,23869.6,-0.00427950196065279,0
2026-07-24,23666.35,23823.6,23606.3,23767.45,0.009613988879749406,1
2026-07-27,23928.4,24011.6,23891.55,23995.95,-0.0004417412104960288,0
2026-07-28,23971.25,24041.15,23954.6,23985.35,0.01104215698332533,1
2026-07-29,24176.65,24283.55,24136.75,24250.2,0.002760801972767265,1
2026-07-30,24249.55,24342.95,24187.1,24317.15,0.002732639310116403,1
2026-07-31,24361.45,24429.4,24299.7,24383.6,0.01602306468281963,1
2026-08-03,24572.7,24774.3,24515.15,24774.3,-0.0064340869368659384,0
2026-08-04,24703.9,24703.9,24427.95,24614.9,0.0003961015482492311,1
2026-08-05,24669.2,24677.6,24497.95,24624.65,0.0004609202567345544,1
2026-08-06,24641.0,24677.05,24604.15,24636.0,-0.002652622178925091,0
2026-08-07,24538.9,24630.4,24522.75,24570.65,0.0005351913767034171,1
2026-08-10,24581.25,24620.95,24511.1,24583.8,-0.0045599134389312694,0
2026-08-11,24575.1,24576.85,24429.25,24471.7,-0.001460871128691509,0
2026-08-12,24472.45,24473.3,24265.95,24435.95,-0.0016410248015731814,0
2026-08-13,24431.6,24431.6,24311.4,24395.85,-0.0012235687627198293,0
2026-08-14,24361.9,24405.2,24296.8,24366.0,-0.0032155462529753977,0
2026-08-17,24343.45,24360.1,24226.95,24287.65,-0.005465740818893553,0
2026-08-18,24223.85,24269.65,24154.9,24154.9,-0.003171199218378142,0
2026-08-19,24152.05,24172.85,24025.65,24078.3,0.006377111340916895,1
2026-08-20,24225.45,24265.15,24184.55,24231.85,0.0008315502118080732,1
2026-08-21,24284.05,24284.05,24206.8,24252.0,-0.0013586508329210263,0
2026-08-24,24285.05,24313.0,24144.3,24219.05,0.004768973184332169,1
2026-08-25,24175.75,24334.55,24115.45,24334.55,-0.0052106983691911,0
2026-08-26,24341.95,24378.6,24207.75,24207.75,-0.004829032024868129,0
2026-08-27,24277.6,24297.45,24090.85,24090.85,0.003520008633983563,1
2026-08-28,24122.6,24188.3,24076.85,24175.65,-0.003939914748931259,0
2026-08-31,24117.55,24128.7,23993.6,24080.4,-0.0010215777146559933,0
2026-09-01,24077.55,24143.15,23952.55,24055.8,-0.005875921815113135,0
2026-09-02,23858.0,23914.45,23786.8,23914.45,-0.0017144446140304292,0
2026-09-03,23997.95,24025.4,23873.45,23873.45,0.0010157727517388563,1
2026-09-04,23910.9,24005.75,23895.85,23897.7,-0.004960728438301564,0
2026-09-07,23883.15,23890.0,23737.9,23779.15,-0.006057827971142909,0
2026-09-08,23743.1,23758.95,23623.1,23635.1,-0.00861430668793441,0
2026-09-09,23522.05,23571.55,23431.5,23431.5,0.001975972515630637,1
2026-09-10,23446.6,23494.95,23380.1,23477.8,-0.0033946962662600726,0
2026-09-11,23270.3,23448.1,23231.4,23398.1,-0.011945414371252367,0
2026-09-15,23576.15,23592.85,23118.6,23118.6,0.004282266227193688,1
2026-09-16,23201.6,23284.75,23116.1,23217.6,0.002282751016470264,1
2026-09-17,23195.25,23363.55,23193.65,23270.6,0.0032573289902281385,1
