"Index Name","Date","Open","High","Low","Close"
"NIFTY 50","20 Sep 2022","17770.40","17919.30","17744.40","17816.25"
"NIFTY 50","19 Sep 2022","17540.65","17667.20","17429.70","17622.25"
"NIFTY 50","16 Sep 2022","17796.80","17820.05","17497.25","17530.85"
"NIFTY 50","15 Sep 2022","18046.35","18096.15","17861.50","17877.40"
"NIFTY 50","14 Sep 2022","17771.15","18091.55","17771.15","18003.75"
"NIFTY 50","13 Sep 2022","18044.45","18088.30","18015.45","18070.05"
"NIFTY 50","12 Sep 2022","17890.85","17980.55","17889.15","17936.35"
"NIFTY 50","09 Sep 2022","17923.35","17925.95","17786.00","17833.35"
"NIFTY 50","08 Sep 2022","17748.15","17807.65","17691.95","17798.75"
"NIFTY 50","07 Sep 2022","17519.40","17650.75","17484.30","17624.40"
"NIFTY 50","06 Sep 2022","17695.70","17764.65","17587.65","17655.60"
"NIFTY 50","05 Sep 2022","17546.45","17683.15","17540.35","17665.80"
"NIFTY 50","02 Sep 2022","17598.40","17643.85","17476.45","17539.45"
"NIFTY 50","01 Sep 2022","17485.70","17695.60","17468.45","17542.80"
"NIFTY 50","30 Aug 2022","17414.95","17777.65","17401.50","17759.30"
"NIFTY 50","29 Aug 2022","17188.65","17380.15","17166.20","17312.90"
"NIFTY 50","26 Aug 2022","17619.30","17685.85","17519.35","17558.90"
"NIFTY 50","25 Aug 2022","17679.00","17726.50","17487.45","17522.45"
"NIFTY 50","24 Aug 2022","17525.45","17623.65","17499.25","17604.95"
"NIFTY 50","23 Aug 2022","17357.35","17625.55","17345.20","17577.50"
"NIFTY 50","22 Aug 2022","17682.90","17690.05","17467.35","17490.70"
"NIFTY 50","19 Aug 2022","17966.55","17992.20","17710.75","17758.45"
"NIFTY 50","18 Aug 2022","17898.65","17968.45","17852.05","17956.50"
"NIFTY 50","17 Aug 2022","17868.15","17965.95","17833.35","17944.25"
"NIFTY 50","16 Aug 2022","17797.20","17839.10","17764.05","17825.25"
"NIFTY 50","12 Aug 2022","17659.65","17724.65","17597.85","17698.15"
"NIFTY 50","11 Aug 2022","17711.65","17719.30","17631.95","17659.00"
"NIFTY 50","10 Aug 2022","17566.10","17566.10","17442.80","17534.75"
"NIFTY 50","08 Aug 2022","17401.50","17548.80","17359.75","17525.10"
"NIFTY 50","05 Aug 2022","17423.65","17474.40","17348.75","17397.50"
"NIFTY 50","04 Aug 2022","17463.10","17490.70","17161.25","17382.00"
"NIFTY 50","03 Aug 2022","17349.25","17407.50","17225.85","17388.15"
"NIFTY 50","02 Aug 2022","17310.15","17390.15","17215.85","17345.45"
"NIFTY 50","01 Aug 2022","17243.20","17356.25","17154.80","17340.05"
"NIFTY 50","29 Jul 2022","17079.50","17172.80","17018.15","17158.25"
"NIFTY 50","28 Jul 2022","16774.85","16947.65","16746.25","16929.60"
"NIFTY 50","27 Jul 2022","16475.35","16653.45","16438.75","16641.80"
"NIFTY 50","26 Jul 2022","16632.90","16636.10","16463.30","16483.85"
"NIFTY 50","25 Jul 2022","16662.55","16706.05","16564.25","16631.00"
"NIFTY 50","22 Jul 2022","16661.25","16752.25","16610.90","16719.45"
"NIFTY 50","21 Jul 2022","16523.55","16626.95","16483.90","16605.25"
"NIFTY 50","20 Jul 2022","16562.80","16588.00","16490.95","16520.85"
"NIFTY 50","19 Jul 2022","16187.05","16359.50","16187.05","16340.55"
"NIFTY 50","18 Jul 2022","16151.40","16287.95","16142.20","16278.50"
"NIFTY 50","15 Jul 2022","16010.80","16066.95","15927.30","16049.20"
"NIFTY 50","14 Jul 2022","16018.85","16070.85","15858.20","15938.65"
"NIFTY 50","13 Jul 2022","16128.20","16140.00","15950.15","15966.65"
"NIFTY 50","12 Jul 2022","16126.20","16158.75","16031.15","16058.30"
"NIFTY 50","11 Jul 2022","16136.15","16248.55","16115.50","16216.00"
"NIFTY 50","08 Jul 2022","16273.65","16275.50","16157.90","16220.60"
"NIFTY 50","07 Jul 2022","16113.75","16150.50","16045.95","16132.90"
"NIFTY 50","06 Jul 2022","15818.20","16011.35","15800.90","15989.80"
"NIFTY 50","05 Jul 2022","15909.15","16025.75","15785.45","15810.85"
"NIFTY 50","04 Jul 2022","15710.50","15852.35","15661.80","15835.35"
"NIFTY 50","01 Jul 2022","15703.70","15793.95","15511.05","15752.05"
"NIFTY 50","30 Jun 2022","15774.50","15890.00","15728.85","15780.25"
"NIFTY 50","29 Jun 2022","15701.70","15861.60","15687.80","15799.10"
"NIFTY 50","28 Jun 2022","15757.45","15892.10","15710.15","15850.20"
"NIFTY 50","27 Jun 2022","15926.20","15927.45","15815.50","15832.05"
"NIFTY 50","24 Jun 2022","15657.40","15749.25","15619.45","15699.25"
"NIFTY 50","23 Jun 2022","15451.55","15628.45","15367.50","15556.65"
"NIFTY 50","22 Jun 2022","15545.65","15565.40","15385.95","15413.30"
"NIFTY 50","21 Jun 2022","15455.95","15707.25","15419.85","15638.80"
"NIFTY 50","20 Jun 2022","15334.50","15382.50","15191.10","15350.15"
"NIFTY 50","17 Jun 2022","15272.65","15400.40","15183.40","15293.50"
"NIFTY 50","16 Jun 2022","15832.25","15863.15","15335.10","15360.60"
"NIFTY 50","15 Jun 2022","15729.25","15783.65","15678.90","15692.15"
"NIFTY 50","14 Jun 2022","15674.25","15858.00","15659.45","15732.10"
"NIFTY 50","13 Jun 2022","15877.55","15886.15","15684.00","15774.40"
"NIFTY 50","10 Jun 2022","16283.95","16324.70","16172.60","16201.80"
"NIFTY 50","09 Jun 2022","16263.85","16492.80","16243.85","16478.10"
"NIFTY 50","08 Jun 2022","16474.95","16514.30","16293.35","16356.25"
"NIFTY 50","07 Jun 2022","16469.60","16487.25","16347.10","16416.35"
"NIFTY 50","06 Jun 2022","16530.70","16610.95","16444.55","16569.55"
"NIFTY 50","03 Jun 2022","16761.65","16793.85","16567.90","16584.30"
"NIFTY 50","02 Jun 2022","16481.65","16646.40","16443.05","16628.00"
"NIFTY 50","01 Jun 2022","16594.40","16649.20","16438.85","16522.75"
"NIFTY 50","31 May 2022","16578.45","16690.75","16521.90","16584.55"
"NIFTY 50","30 May 2022","16527.90","16695.50","16506.15","16661.40"
"NIFTY 50","27 May 2022","16296.60","16370.60","16221.95","16352.45"
"NIFTY 50","26 May 2022","16105.00","16204.45","15903.70","16170.15"
"NIFTY 50","25 May 2022","16196.35","16223.35","16006.95","16025.80"
"NIFTY 50","24 May 2022","16225.55","16262.80","16078.60","16125.15"
"NIFTY 50","23 May 2022","16290.95","16414.70","16185.75","16214.70"
"NIFTY 50","20 May 2022","16043.80","16283.05","16003.85","16266.15"
"NIFTY 50","19 May 2022","15917.40","15984.75","15775.20","15809.40"
"NIFTY 50","18 May 2022","16318.15","16399.80","16211.20","16240.30"
"NIFTY 50","17 May 2022","15912.60","16284.25","15900.80","16259.30"
"NIFTY 50","16 May 2022","15845.10","15977.95","15739.65","15842.30"
"NIFTY 50","13 May 2022","15977.00","16083.60","15740.85","15782.15"
"NIFTY 50","12 May 2022","16021.10","16041.95","15735.75","15808.00"
"NIFTY 50","11 May 2022","16270.05","16318.75","15992.60","16167.10"
"NIFTY 50","10 May 2022","16248.90","16404.55","16197.30","16240.05"
"NIFTY 50","09 May 2022","16227.70","16403.70","16142.10","16301.85"
"NIFTY 50","06 May 2022","16415.55","16484.20","16340.90","16411.25"
"NIFTY 50","05 May 2022","16854.75","16945.70","16651.85","16682.65"
"NIFTY 50","04 May 2022","17096.60","17132.85","16623.95","16677.60"
"NIFTY 50","02 May 2022","16924.45","17092.25","16917.25","17069.10"
"NIFTY 50","29 Apr 2022","17329.25","17377.65","17053.25","17102.55"
"NIFTY 50","28 Apr 2022","17189.50","17322.50","17071.05","17245.05"
"NIFTY 50","27 Apr 2022","17073.35","17110.70","16958.45","17038.40"
"NIFTY 50","26 Apr 2022","17121.30","17223.85","17064.45","17200.80"
"NIFTY 50","25 Apr 2022","17009.05","17054.30","16888.70","16953.95"
"NIFTY 50","22 Apr 2022","17242.75","17315.30","17149.20","17171.95"
"NIFTY 50","21 Apr 2022","17234.60","17414.70","17215.50","17392.60"
"NIFTY 50","20 Apr 2022","17045.25","17186.90","16978.95","17136.55"
"NIFTY 50","19 Apr 2022","17258.95","17275.65","16824.70","16958.65"
"NIFTY 50","18 Apr 2022","17183.45","17237.75","17067.85","17173.65"
"NIFTY 50","13 Apr 2022","17599.90","17663.65","17457.40","17475.65"
"NIFTY 50","12 Apr 2022","17584.85","17595.30","17442.35","17530.30"
"NIFTY 50","11 Apr 2022","17740.90","17779.05","17650.95","17674.95"
"NIFTY 50","08 Apr 2022","17698.15","17842.75","17600.55","17784.35"
"NIFTY 50","07 Apr 2022","17723.30","17787.50","17623.70","17639.55"
"NIFTY 50","06 Apr 2022","17842.75","17901.00","17779.85","17807.65"
"NIFTY 50","05 Apr 2022","18080.60","18095.45","17921.55","17957.40"
"NIFTY 50","04 Apr 2022","17809.10","18114.65","17791.40","18053.40"
"NIFTY 50","01 Apr 2022","17436.90","17703.70","17422.70","17670.45"
"NIFTY 50","31 Mar 2022","17519.20","17559.80","17435.20","17464.75"
"NIFTY 50","30 Mar 2022","17468.15","17522.50","17387.20","17498.25"
"NIFTY 50","29 Mar 2022","17297.20","17343.65","17235.70","17325.30"
"NIFTY 50","28 Mar 2022","17181.85","17235.10","17003.90","17222.00"
"NIFTY 50","25 Mar 2022","17289.00","17294.90","17076.55","17153.00"
"NIFTY 50","24 Mar 2022","17094.95","17291.75","17091.15","17222.75"
"NIFTY 50","23 Mar 2022","17405.05","17442.40","17199.60","17245.65"
"NIFTY 50","22 Mar 2022","17120.40","17334.40","17006.30","17315.50"
"NIFTY 50","21 Mar 2022","17329.50","17353.35","17096.40","17117.60"
"NIFTY 50","17 Mar 2022","17202.90","17344.60","17175.75","17287.05"
"NIFTY 50","16 Mar 2022","16876.65","16987.90","16837.85","16975.35"
"NIFTY 50","15 Mar 2022","16900.65","16927.75","16555.00","16663.00"
"NIFTY 50","14 Mar 2022","16633.70","16887.95","16606.50","16871.30"
"NIFTY 50","11 Mar 2022","16528.80","16694.40","16470.90","16630.45"
"NIFTY 50","10 Mar 2022","16757.10","16757.30","16447.90","16594.90"
"NIFTY 50","09 Mar 2022","16078.00","16418.05","15990.00","16345.35"
"NIFTY 50","08 Mar 2022","15747.75","16028.75","15671.45","16013.45"
"NIFTY 50","07 Mar 2022","15867.95","15944.60","15711.45","15863.15"
"NIFTY 50","04 Mar 2022","16339.45","16456.00","16133.80","16245.35"
"NIFTY 50","03 Mar 2022","16723.20","16768.95","16442.95","16498.05"
"NIFTY 50","02 Mar 2022","16593.10","16678.50","16478.65","16605.95"
"NIFTY 50","28 Feb 2022","16481.60","16815.90","16356.30","16793.90"
"NIFTY 50","25 Feb 2022","16515.65","16748.80","16478.30","16658.40"
"NIFTY 50","24 Feb 2022","16548.90","16705.25","16203.25","16247.95"
"NIFTY 50","23 Feb 2022","17194.50","17220.70","17027.85","17063.25"
"NIFTY 50","22 Feb 2022","16847.95","17148.55","16843.80","17092.20"
"NIFTY 50","21 Feb 2022","17192.25","17351.05","17070.70","17206.65"
"NIFTY 50","18 Feb 2022","17236.05","17380.80","17219.20","17276.30"
"NIFTY 50","17 Feb 2022","17396.55","17442.90","17235.85","17304.60"
"NIFTY 50","16 Feb 2022","17408.45","17490.60","17257.70","17322.20"
"NIFTY 50","15 Feb 2022","16933.25","17375.00","16839.25","17352.45"
"NIFTY 50","14 Feb 2022","17076.15","17099.50","16809.65","16842.80"
"NIFTY 50","11 Feb 2022","17451.00","17454.75","17303.00","17374.75"
"NIFTY 50","10 Feb 2022","17554.10","17639.45","17427.15","17605.85"
"NIFTY 50","09 Feb 2022","17370.10","17477.15","17339.00","17463.80"
"NIFTY 50","08 Feb 2022","17279.85","17306.45","17043.65","17266.75"
"NIFTY 50","07 Feb 2022","17456.30","17536.75","17119.40","17213.60"
"NIFTY 50","04 Feb 2022","17590.20","17617.80","17462.55","17516.30"
"NIFTY 50","03 Feb 2022","17767.75","17781.15","17511.15","17560.20"
"NIFTY 50","02 Feb 2022","17706.20","17794.60","17674.80","17780.00"
"NIFTY 50","01 Feb 2022","17529.45","17622.40","17244.55","17576.85"
"NIFTY 50","31 Jan 2022","17301.05","17410.00","17264.15","17339.85"
"NIFTY 50","28 Jan 2022","17208.30","17373.50","17077.10","17101.95"
"NIFTY 50","27 Jan 2022","17062.00","17182.50","16866.75","17110.15"
"NIFTY 50","25 Jan 2022","17001.55","17309.15","16836.80","17277.95"
"NIFTY 50","24 Jan 2022","17575.15","17599.40","16997.85","17149.10"
"NIFTY 50","21 Jan 2022","17613.70","17707.60","17485.85","17617.15"
"NIFTY 50","20 Jan 2022","17921.00","17943.70","17648.45","17757.00"
"NIFTY 50","19 Jan 2022","18129.20","18129.20","17884.90","17938.40"
"NIFTY 50","18 Jan 2022","18337.20","18350.95","18085.90","18113.05"
"NIFTY 50","17 Jan 2022","18235.65","18321.55","18228.75","18308.10"
"NIFTY 50","14 Jan 2022","18185.00","18286.95","18119.65","18255.75"
"NIFTY 50","13 Jan 2022","18257.00","18272.25","18163.80","18257.80"
"NIFTY 50","12 Jan 2022","18170.40","18227.95","18128.80","18212.35"
"NIFTY 50","11 Jan 2022","17997.75","18081.25","17964.40","18055.75"
"NIFTY 50","10 Jan 2022","17913.30","18017.45","17879.15","18003.30"
"NIFTY 50","07 Jan 2022","17797.60","17905.00","17704.55","17812.70"
"NIFTY 50","06 Jan 2022","17768.50","17797.95","17655.55","17745.90"
"NIFTY 50","05 Jan 2022","17820.10","17944.70","17748.85","17925.25"
"NIFTY 50","04 Jan 2022","17681.40","17827.60","17593.55","17805.25"
"NIFTY 50","03 Jan 2022","17387.15","17646.65","17383.30","17625.70"
"NIFTY 50","31 Dec 2021","17244.50","17400.80","17238.50","17354.05"
"NIFTY 50","30 Dec 2021","17201.45","17264.05","17146.35","17203.95"
"NIFTY 50","29 Dec 2021","17220.10","17285.95","17176.65","17213.60"
"NIFTY 50","28 Dec 2021","17177.60","17250.25","17161.15","17233.25"
"NIFTY 50","27 Dec 2021","16937.75","17112.05","16833.20","17086.25"
"NIFTY 50","24 Dec 2021","17149.50","17155.60","16909.60","17003.75"
"NIFTY 50","23 Dec 2021","17066.80","17118.65","17015.55","17072.60"
"NIFTY 50","22 Dec 2021","16865.55","16971.00","16819.50","16955.45"
"NIFTY 50","21 Dec 2021","16773.15","16936.40","16688.25","16770.85"
"NIFTY 50","20 Dec 2021","16824.25","16840.10","16410.20","16614.20"
"NIFTY 50","17 Dec 2021","17276.00","17298.15","16966.45","16985.20"
"NIFTY 50","16 Dec 2021","17373.00","17379.35","17184.95","17248.40"
"NIFTY 50","15 Dec 2021","17323.65","17351.20","17192.20","17221.40"
"NIFTY 50","14 Dec 2021","17283.20","17376.20","17225.80","17324.90"
"NIFTY 50","13 Dec 2021","17619.10","17639.50","17355.95","17368.25"
"NIFTY 50","10 Dec 2021","17476.05","17534.35","17405.25","17511.30"
"NIFTY 50","09 Dec 2021","17524.40","17543.25","17379.60","17516.85"
"NIFTY 50","08 Dec 2021","17315.25","17484.60","17308.95","17469.75"
"NIFTY 50","07 Dec 2021","17044.10","17251.65","16987.75","17176.70"
"NIFTY 50","06 Dec 2021","17209.05","17216.75","16891.70","16912.25"
"NIFTY 50","03 Dec 2021","17424.90","17489.80","17180.80","17196.70"
"NIFTY 50","02 Dec 2021","17183.20","17420.35","17149.30","17401.65"
"NIFTY 50","01 Dec 2021","17104.40","17213.05","17064.25","17166.90"
"NIFTY 50","30 Nov 2021","17051.15","17324.65","16931.40","16983.20"
"NIFTY 50","29 Nov 2021","17055.80","17160.70","16782.40","17053.95"
"NIFTY 50","26 Nov 2021","17338.75","17355.40","16985.70","17026.45"
"NIFTY 50","25 Nov 2021","17417.30","17564.35","17351.70","17536.25"
"NIFTY 50","24 Nov 2021","17550.05","17600.60","17354.00","17415.05"
"NIFTY 50","23 Nov 2021","17281.75","17553.70","17216.10","17503.35"
"NIFTY 50","22 Nov 2021","17796.25","17805.25","17280.45","17416.55"
"NIFTY 50","18 Nov 2021","17890.55","17945.60","17688.50","17764.80"
"NIFTY 50","17 Nov 2021","17939.35","18022.65","17879.25","17898.65"
"NIFTY 50","16 Nov 2021","18127.05","18132.65","17958.80","17999.20"
"NIFTY 50","15 Nov 2021","18140.95","18210.15","18071.30","18109.45"
"NIFTY 50","12 Nov 2021","17977.60","18123.00","17905.90","18102.75"
"NIFTY 50","11 Nov 2021","17967.45","17971.35","17798.20","17873.60"
"NIFTY 50","10 Nov 2021","17973.45","18061.25","17915.00","18017.20"
"NIFTY 50","09 Nov 2021","18084.35","18112.60","17983.05","18044.25"
"NIFTY 50","08 Nov 2021","18040.20","18087.80","17836.10","18068.55"
"NIFTY 50","04 Nov 2021","17935.05","17947.55","17900.60","17916.80"
"NIFTY 50","03 Nov 2021","17947.95","17988.75","17757.95","17829.20"
"NIFTY 50","02 Nov 2021","17970.90","18012.25","17847.60","17888.95"
"NIFTY 50","01 Nov 2021","17783.15","17954.10","17697.10","17929.65"
"NIFTY 50","29 Oct 2021","17833.05","17915.85","17613.10","17671.65"
"NIFTY 50","28 Oct 2021","18187.65","18190.70","17799.45","17857.25"
"NIFTY 50","27 Oct 2021","18295.85","18342.05","18167.90","18210.95"
"NIFTY 50","26 Oct 2021","18154.50","18310.45","18099.30","18268.40"
"NIFTY 50","25 Oct 2021","18229.50","18241.40","17968.50","18125.40"
"NIFTY 50","22 Oct 2021","18230.70","18314.25","18034.35","18114.90"
"NIFTY 50","21 Oct 2021","18382.70","18384.20","18048.00","18178.10"
"NIFTY 50","20 Oct 2021","18439.90","18458.30","18209.35","18266.60"
"NIFTY 50","19 Oct 2021","18602.35","18604.45","18377.70","18418.75"
"NIFTY 50","18 Oct 2021","18500.10","18543.15","18445.30","18477.05"
"NIFTY 50","14 Oct 2021","18272.85","18350.75","18248.70","18338.55"
"NIFTY 50","13 Oct 2021","18097.85","18197.80","18050.75","18161.75"
"NIFTY 50","12 Oct 2021","17915.80","18008.65","17864.95","17991.95"
"NIFTY 50","11 Oct 2021","17867.55","18041.95","17839.10","17945.95"
"NIFTY 50","08 Oct 2021","17886.85","17941.85","17840.35","17895.20"
"NIFTY 50","07 Oct 2021","17810.55","17857.55","17763.80","17790.35"
"NIFTY 50","06 Oct 2021","17861.50","17884.60","17613.15","17646.00"
"NIFTY 50","05 Oct 2021","17661.35","17833.45","17640.90","17822.30"
"NIFTY 50","04 Oct 2021","17615.55","17750.90","17581.35","17691.25"
"NIFTY 50","01 Oct 2021","17531.90","17557.15","17452.90","17532.05"
"NIFTY 50","30 Sep 2021","17718.90","17742.15","17585.35","17618.15"
"NIFTY 50","29 Sep 2021","17657.95","17781.75","17608.15","17711.30"
"NIFTY 50","28 Sep 2021","17906.45","17912.85","17576.10","17748.60"
"NIFTY 50","27 Sep 2021","17932.20","17943.50","17802.90","17855.10"
"NIFTY 50","24 Sep 2021","17897.45","17947.65","17819.40","17853.20"
"NIFTY 50","23 Sep 2021","17670.85","17843.90","17646.55","17822.95"
"NIFTY 50","22 Sep 2021","17580.90","17610.45","17524.00","17546.65"
"NIFTY 50","21 Sep 2021","17450.50","17578.35","17326.10","17562.00"
"NIFTY 50","20 Sep 2021","17443.85","17622.75","17361.80","17396.90"
"NIFTY 50","20 Sep 2023","19980.75","20050.65","19878.85","19901.40"
"NIFTY 50","18 Sep 2023","20155.95","20195.35","20115.70","20133.30"
"NIFTY 50","15 Sep 2023","20156.45","20222.45","20129.70","20192.35"
"NIFTY 50","14 Sep 2023","20127.95","20167.65","20043.45","20103.10"
"NIFTY 50","13 Sep 2023","19989.50","20096.90","19944.10","20070.00"
"NIFTY 50","12 Sep 2023","20110.15","20110.35","19914.65","19993.20"
"NIFTY 50","11 Sep 2023","19890.00","20008.15","19865.35","19996.35"
"NIFTY 50","08 Sep 2023","19774.80","19867.15","19728.05","19819.95"
"NIFTY 50","07 Sep 2023","19598.65","19737.00","19550.05","19727.05"
"NIFTY 50","06 Sep 2023","19581.20","19636.45","19491.50","19611.05"
"NIFTY 50","05 Sep 2023","19564.65","19587.05","19525.75","19574.90"
"NIFTY 50","04 Sep 2023","19525.05","19545.15","19432.85","19528.80"
"NIFTY 50","01 Sep 2023","19258.15","19458.55","19255.70","19435.30"
"NIFTY 50","31 Aug 2023","19375.55","19388.20","19223.65","19253.80"
"NIFTY 50","30 Aug 2023","19433.45","19452.80","19334.75","19347.45"
"NIFTY 50","29 Aug 2023","19374.85","19377.90","19309.10","19342.65"
"NIFTY 50","28 Aug 2023","19298.35","19366.85","19249.70","19306.05"
"NIFTY 50","25 Aug 2023","19297.40","19339.55","19229.70","19265.80"
"NIFTY 50","24 Aug 2023","19535.15","19584.45","19369.00","19386.70"
"NIFTY 50","23 Aug 2023","19439.20","19472.05","19366.60","19444.00"
"NIFTY 50","22 Aug 2023","19417.10","19443.50","19381.30","19396.45"
"NIFTY 50","21 Aug 2023","19320.65","19425.95","19296.30","19393.60"
"NIFTY 50","18 Aug 2023","19301.75","19373.80","19253.60","19310.15"
"NIFTY 50","17 Aug 2023","19450.55","19461.55","19326.25","19365.25"
"NIFTY 50","16 Aug 2023","19369.00","19482.75","19317.20","19465.00"
"NIFTY 50","14 Aug 2023","19383.95","19465.85","19257.90","19434.55"
"NIFTY 50","11 Aug 2023","19554.25","19557.75","19412.75","19428.30"
"NIFTY 50","10 Aug 2023","19605.55","19623.60","19495.40","19543.10"
"NIFTY 50","09 Aug 2023","19578.80","19645.50","19467.50","19632.55"
"NIFTY 50","08 Aug 2023","19627.20","19634.40","19533.10","19570.85"
"NIFTY 50","07 Aug 2023","19576.85","19620.45","19524.80","19597.30"
"NIFTY 50","04 Aug 2023","19462.80","19538.85","19436.45","19517.00"
"NIFTY 50","03 Aug 2023","19463.75","19537.65","19296.45","19381.65"
"NIFTY 50","02 Aug 2023","19655.40","19678.25","19423.55","19526.55"
"NIFTY 50","01 Aug 2023","19784.00","19795.60","19704.60","19733.55"
"NIFTY 50","31 Jul 2023","19666.35","19772.75","19597.60","19753.80"
"NIFTY 50","28 Jul 2023","19659.75","19695.90","19563.10","19646.05"
"NIFTY 50","27 Jul 2023","19850.90","19867.55","19603.55","19659.90"
"NIFTY 50","26 Jul 2023","19733.35","19825.60","19716.70","19778.30"
"NIFTY 50","25 Jul 2023","19729.35","19729.35","19615.95","19680.60"
"NIFTY 50","24 Jul 2023","19748.45","19782.75","19658.30","19672.35"
"NIFTY 50","21 Jul 2023","19800.45","19887.40","19700.00","19745.00"
"NIFTY 50","20 Jul 2023","19831.70","19991.85","19758.40","19979.15"
"NIFTY 50","19 Jul 2023","19802.95","19851.70","19727.45","19833.15"
"NIFTY 50","18 Jul 2023","19787.50","19819.45","19690.20","19749.25"
"NIFTY 50","17 Jul 2023","19612.15","19731.85","19562.95","19711.45"
"NIFTY 50","14 Jul 2023","19493.45","19595.35","19433.50","19564.50"
"NIFTY 50","13 Jul 2023","19495.20","19567.00","19385.80","19413.75"
"NIFTY 50","12 Jul 2023","19497.45","19507.70","19361.75","19384.30"
"NIFTY 50","11 Jul 2023","19427.10","19515.10","19406.45","19439.40"
"NIFTY 50","10 Jul 2023","19400.35","19435.85","19327.10","19355.90"
"NIFTY 50","07 Jul 2023","19422.80","19523.60","19303.60","19331.80"
"NIFTY 50","06 Jul 2023","19385.70","19512.20","19373.00","19497.30"
"NIFTY 50","05 Jul 2023","19405.95","19421.60","19339.60","19398.50"
"NIFTY 50","04 Jul 2023","19406.60","19434.15","19300.00","19389.00"
"NIFTY 50","03 Jul 2023","19246.50","19345.10","19234.40","19322.55"
"NIFTY 50","30 Jun 2023","19076.85","19201.70","19024.60","19189.05"
"NIFTY 50","28 Jun 2023","18908.15","19011.25","18861.35","18972.10"
"NIFTY 50","27 Jun 2023","18748.55","18829.25","18714.25","18817.40"
"NIFTY 50","26 Jun 2023","18682.35","18722.05","18646.70","18691.20"
"NIFTY 50","23 Jun 2023","18741.85","18756.40","18647.10","18665.50"
"NIFTY 50","22 Jun 2023","18853.60","18886.60","18759.50","18771.25"
"NIFTY 50","21 Jun 2023","18849.40","18875.90","18794.85","18856.85"
"NIFTY 50","20 Jun 2023","18752.35","18839.70","18660.65","18816.70"
"NIFTY 50","19 Jun 2023","18873.30","18881.45","18719.15","18755.45"
"NIFTY 50","16 Jun 2023","18723.30","18864.70","18710.50","18826.00"
"NIFTY 50","15 Jun 2023","18774.45","18794.10","18669.05","18688.10"
"NIFTY 50","14 Jun 2023","18744.60","18769.70","18690.00","18755.90"
"NIFTY 50","13 Jun 2023","18631.80","18728.90","18631.80","18716.15"
"NIFTY 50","12 Jun 2023","18595.05","18633.60","18559.75","18601.50"
"NIFTY 50","09 Jun 2023","18655.90","18676.65","18555.40","18563.40"
"NIFTY 50","08 Jun 2023","18725.35","18777.90","18615.60","18634.55"
"NIFTY 50","07 Jun 2023","18665.60","18738.95","18636.00","18726.40"
"NIFTY 50","06 Jun 2023","18600.80","18622.75","18531.60","18599.00"
"NIFTY 50","05 Jun 2023","18612.00","18640.15","18582.80","18593.85"
"NIFTY 50","02 Jun 2023","18550.85","18573.70","18478.40","18534.10"
"NIFTY 50","01 Jun 2023","18579.40","18580.30","18464.55","18487.75"
"NIFTY 50","31 May 2023","18594.20","18603.90","18483.85","18534.40"
"NIFTY 50","30 May 2023","18606.65","18662.45","18575.50","18633.85"
"NIFTY 50","29 May 2023","18619.15","18641.20","18581.25","18598.65"
"NIFTY 50","26 May 2023","18368.35","18508.55","18333.15","18499.35"
"NIFTY 50","25 May 2023","18268.90","18338.10","18202.40","18321.15"
"NIFTY 50","24 May 2023","18294.80","18392.60","18262.95","18285.40"
"NIFTY 50","23 May 2023","18362.90","18419.75","18324.20","18348.00"
"NIFTY 50","22 May 2023","18201.10","18335.25","18178.85","18314.40"
"NIFTY 50","19 May 2023","18186.15","18218.10","18060.40","18203.40"
"NIFTY 50","18 May 2023","18287.50","18297.20","18104.85","18129.95"
"NIFTY 50","17 May 2023","18300.45","18309.00","18115.35","18181.75"
"NIFTY 50","16 May 2023","18432.35","18432.35","18264.35","18286.50"
"NIFTY 50","15 May 2023","18339.30","18458.90","18287.90","18398.85"
"NIFTY 50","12 May 2023","18273.75","18342.75","18194.55","18314.80"
"NIFTY 50","11 May 2023","18357.80","18389.70","18270.40","18297.00"
"NIFTY 50","10 May 2023","18313.60","18326.75","18211.95","18315.10"
"NIFTY 50","09 May 2023","18303.40","18344.20","18229.65","18265.95"
"NIFTY 50","08 May 2023","18120.60","18286.95","18100.30","18264.40"
"NIFTY 50","05 May 2023","18117.30","18216.95","18055.45","18069.00"
"NIFTY 50","04 May 2023","18081.00","18267.45","18066.70","18255.80"
"NIFTY 50","03 May 2023","18113.80","18116.35","18042.40","18089.85"
"NIFTY 50","02 May 2023","18124.80","18180.25","18101.75","18147.65"
"NIFTY 50","28 Apr 2023","17950.40","18089.15","17885.30","18065.00"
"NIFTY 50","27 Apr 2023","17813.10","17931.60","17797.90","17915.05"
"NIFTY 50","26 Apr 2023","17767.30","17827.75","17711.20","17813.60"
"NIFTY 50","25 Apr 2023","17761.55","17807.45","17716.85","17769.25"
"NIFTY 50","24 Apr 2023","17707.55","17754.50","17612.50","17743.40"
"NIFTY 50","21 Apr 2023","17639.75","17663.20","17553.95","17624.05"
"NIFTY 50","20 Apr 2023","17638.60","17684.45","17584.35","17624.45"
"NIFTY 50","19 Apr 2023","17653.35","17666.15","17579.85","17618.75"
"NIFTY 50","18 Apr 2023","17766.60","17766.60","17610.20","17660.15"
"NIFTY 50","17 Apr 2023","17863.00","17863.00","17574.05","17706.85"
"NIFTY 50","13 Apr 2023","17807.30","17842.15","17729.65","17828.00"
"NIFTY 50","12 Apr 2023","17759.55","17825.75","17717.25","17812.40"
"NIFTY 50","11 Apr 2023","17704.80","17748.75","17655.15","17722.30"
"NIFTY 50","10 Apr 2023","17634.90","17694.10","17597.95","17624.05"
"NIFTY 50","06 Apr 2023","17533.85","17638.70","17502.85","17599.15"
"NIFTY 50","05 Apr 2023","17422.30","17570.55","17402.70","17557.05"
"NIFTY 50","03 Apr 2023","17427.95","17428.05","17312.75","17398.05"
"NIFTY 50","31 Mar 2023","17210.35","17381.60","17204.65","17359.75"
"NIFTY 50","29 Mar 2023","16977.30","17126.15","16940.60","17080.70"
"NIFTY 50","28 Mar 2023","17031.75","17061.75","16913.75","16951.70"
"NIFTY 50","27 Mar 2023","16984.30","17091.00","16918.55","16985.70"
"NIFTY 50","24 Mar 2023","17076.20","17109.45","16917.35","16945.05"
"NIFTY 50","23 Mar 2023","17097.40","17205.40","17045.30","17076.90"
"NIFTY 50","22 Mar 2023","17177.45","17207.25","17107.85","17151.90"
"NIFTY 50","21 Mar 2023","17060.40","17127.70","17016.00","17107.50"
"NIFTY 50","20 Mar 2023","17066.60","17066.60","16828.35","16988.40"
"NIFTY 50","17 Mar 2023","17111.80","17145.80","16958.15","17100.05"
"NIFTY 50","16 Mar 2023","16994.65","17062.45","16850.15","16985.60"
"NIFTY 50","15 Mar 2023","17166.45","17211.35","16938.90","16972.15"
"NIFTY 50","14 Mar 2023","17160.55","17224.65","16987.10","17043.30"
"NIFTY 50","13 Mar 2023","17421.90","17529.90","17113.45","17154.30"
"NIFTY 50","10 Mar 2023","17443.80","17451.50","17324.35","17412.90"
"NIFTY 50","09 Mar 2023","17772.05","17772.35","17573.60","17589.60"
"NIFTY 50","08 Mar 2023","17665.75","17766.50","17602.25","17754.40"
"NIFTY 50","06 Mar 2023","17680.35","17799.95","17671.95","17711.45"
"NIFTY 50","03 Mar 2023","17451.25","17644.75","17427.70","17594.35"
"NIFTY 50","02 Mar 2023","17421.50","17445.80","17306.00","17321.90"
"NIFTY 50","01 Mar 2023","17360.10","17467.75","17345.25","17450.90"
"NIFTY 50","28 Feb 2023","17383.25","17440.45","17255.20","17303.95"
"NIFTY 50","27 Feb 2023","17428.60","17451.60","17299.00","17392.70"
"NIFTY 50","24 Feb 2023","17591.35","17599.75","17421.80","17465.80"
"NIFTY 50","23 Feb 2023","17574.65","17620.05","17455.40","17511.25"
"NIFTY 50","22 Feb 2023","17755.35","17772.50","17529.45","17554.30"
"NIFTY 50","21 Feb 2023","17905.80","17924.90","17800.30","17826.70"
"NIFTY 50","20 Feb 2023","17965.55","18004.35","17818.40","17844.60"
"NIFTY 50","17 Feb 2023","17974.85","18034.25","17884.60","17944.20"
"NIFTY 50","16 Feb 2023","18094.75","18134.75","18000.65","18035.85"
"NIFTY 50","15 Feb 2023","17896.60","18034.10","17853.80","18015.85"
"NIFTY 50","14 Feb 2023","17840.35","17954.55","17800.05","17929.85"
"NIFTY 50","13 Feb 2023","17859.10","17880.70","17719.75","17770.90"
"NIFTY 50","10 Feb 2023","17847.55","17876.95","17801.00","17856.50"
"NIFTY 50","09 Feb 2023","17885.50","17916.90","17779.80","17893.45"
"NIFTY 50","08 Feb 2023","17750.30","17898.70","17744.15","17871.70"
"NIFTY 50","07 Feb 2023","17790.10","17811.15","17652.55","17721.50"
"NIFTY 50","06 Feb 2023","17818.55","17823.70","17698.35","17764.60"
"NIFTY 50","03 Feb 2023","17721.75","17870.30","17584.20","17854.05"
"NIFTY 50","02 Feb 2023","17517.10","17653.90","17445.95","17610.40"
"NIFTY 50","01 Feb 2023","17811.60","17972.20","17353.40","17616.30"
"NIFTY 50","31 Jan 2023","17731.45","17735.70","17537.55","17662.15"
"NIFTY 50","30 Jan 2023","17541.95","17709.15","17405.55","17648.95"
"NIFTY 50","27 Jan 2023","17877.20","17884.75","17493.55","17604.35"
"NIFTY 50","25 Jan 2023","18093.35","18100.60","17846.15","17891.95"
"NIFTY 50","24 Jan 2023","18183.95","18201.25","18078.65","18118.30"
"NIFTY 50","23 Jan 2023","18118.45","18162.60","18063.45","18118.55"
"NIFTY 50","20 Jan 2023","18115.60","18145.45","18016.20","18027.65"
"NIFTY 50","19 Jan 2023","18119.80","18155.20","18063.75","18107.85"
"NIFTY 50","18 Jan 2023","18074.30","18183.75","18032.45","18165.35"
"NIFTY 50","17 Jan 2023","17922.80","18072.05","17886.95","18053.30"
"NIFTY 50","16 Jan 2023","18033.15","18049.65","17853.65","17894.85"
"NIFTY 50","13 Jan 2023","17867.50","17999.35","17774.25","17956.60"
"NIFTY 50","12 Jan 2023","17920.85","17945.80","17761.65","17858.20"
"NIFTY 50","11 Jan 2023","17924.25","17976.35","17824.35","17895.70"
"NIFTY 50","10 Jan 2023","18121.30","18127.60","17856.00","17914.15"
"NIFTY 50","09 Jan 2023","17952.55","18141.40","17936.15","18101.20"
"NIFTY 50","06 Jan 2023","18008.05","18047.40","17795.55","17859.45"
"NIFTY 50","05 Jan 2023","18101.95","18120.30","17892.60","17992.15"
"NIFTY 50","04 Jan 2023","18230.65","18243.00","18020.60","18042.95"
"NIFTY 50","03 Jan 2023","18163.20","18251.95","18149.80","18232.55"
"NIFTY 50","02 Jan 2023","18131.70","18215.15","18086.50","18197.45"
"NIFTY 50","30 Dec 2022","18259.10","18265.25","18080.30","18105.30"
"NIFTY 50","29 Dec 2022","18045.70","18229.70","17992.80","18191.00"
"NIFTY 50","28 Dec 2022","18084.75","18173.10","18068.35","18122.50"
"NIFTY 50","27 Dec 2022","18089.80","18149.25","17967.45","18132.30"
"NIFTY 50","26 Dec 2022","17830.40","18084.10","17774.25","18014.60"
"NIFTY 50","23 Dec 2022","17977.65","18050.45","17779.50","17806.80"
"NIFTY 50","22 Dec 2022","18288.80","18318.75","18068.60","18127.35"
"NIFTY 50","21 Dec 2022","18435.15","18473.35","18162.75","18199.10"
"NIFTY 50","20 Dec 2022","18340.30","18404.90","18202.65","18385.30"
"NIFTY 50","19 Dec 2022","18288.10","18431.65","18244.55","18420.45"
"NIFTY 50","16 Dec 2022","18319.10","18440.95","18255.15","18269.00"
"NIFTY 50","15 Dec 2022","18614.40","18652.90","18387.70","18414.90"
"NIFTY 50","14 Dec 2022","18671.25","18696.10","18632.90","18660.30"
"NIFTY 50","13 Dec 2022","18524.40","18617.25","18490.20","18608.00"
"NIFTY 50","12 Dec 2022","18402.15","18521.55","18345.70","18497.15"
"NIFTY 50","09 Dec 2022","18662.40","18664.70","18410.10","18496.60"
"NIFTY 50","08 Dec 2022","18570.85","18625.00","18536.95","18609.35"
"NIFTY 50","07 Dec 2022","18638.85","18668.30","18528.40","18560.50"
"NIFTY 50","06 Dec 2022","18600.65","18654.90","18577.90","18642.75"
"NIFTY 50","05 Dec 2022","18719.55","18728.60","18591.35","18701.05"
"NIFTY 50","02 Dec 2022","18752.40","18781.95","18639.20","18696.10"
"NIFTY 50","01 Dec 2022","18871.95","18887.60","18778.20","18812.50"
"NIFTY 50","30 Nov 2022","18625.70","18816.05","18616.55","18758.35"
"NIFTY 50","29 Nov 2022","18552.45","18678.10","18552.15","18618.05"
"NIFTY 50","28 Nov 2022","18430.55","18614.25","18365.60","18562.75"
"NIFTY 50","25 Nov 2022","18528.45","18534.90","18445.10","18512.75"
"NIFTY 50","24 Nov 2022","18326.10","18529.70","18294.25","18484.10"
"NIFTY 50","23 Nov 2022","18325.20","18325.40","18246.00","18267.25"
"NIFTY 50","22 Nov 2022","18179.15","18261.85","18137.70","18244.20"
"NIFTY 50","21 Nov 2022","18246.40","18262.30","18133.35","18159.95"
"NIFTY 50","18 Nov 2022","18382.95","18394.60","18209.80","18307.65"
"NIFTY 50","17 Nov 2022","18358.70","18417.60","18312.95","18343.90"
"NIFTY 50","16 Nov 2022","18398.25","18442.15","18344.15","18409.65"
"NIFTY 50","15 Nov 2022","18362.75","18427.95","18282.00","18403.40"
"NIFTY 50","14 Nov 2022","18376.40","18399.45","18311.40","18329.15"
"NIFTY 50","11 Nov 2022","18272.35","18362.30","18259.35","18349.70"
"NIFTY 50","10 Nov 2022","18044.35","18103.10","17969.40","18028.20"
"NIFTY 50","09 Nov 2022","18288.25","18296.40","18117.50","18157.00"
"NIFTY 50","07 Nov 2022","18211.75","18255.50","18064.75","18202.80"
"NIFTY 50","04 Nov 2022","18053.40","18135.10","18017.15","18117.15"
"NIFTY 50","03 Nov 2022","17968.35","18106.30","17959.20","18052.70"
"NIFTY 50","02 Nov 2022","18177.90","18178.75","18048.65","18082.85"
"NIFTY 50","01 Nov 2022","18130.70","18175.80","18060.15","18145.40"
"NIFTY 50","31 Oct 2022","17910.20","18022.80","17899.90","18012.20"
"NIFTY 50","28 Oct 2022","17756.40","17838.90","17723.70","17786.80"
"NIFTY 50","27 Oct 2022","17771.40","17783.90","17654.50","17736.95"
"NIFTY 50","25 Oct 2022","17808.30","17811.50","17637.00","17656.35"
"NIFTY 50","24 Oct 2022","17736.35","17777.55","17707.40","17730.75"
"NIFTY 50","21 Oct 2022","17622.85","17670.15","17520.75","17576.30"
"NIFTY 50","20 Oct 2022","17423.10","17584.15","17421.00","17563.95"
"NIFTY 50","19 Oct 2022","17568.15","17607.60","17472.85","17512.25"
"NIFTY 50","18 Oct 2022","17438.75","17527.80","17434.05","17486.95"
"NIFTY 50","17 Oct 2022","17144.80","17328.55","17098.55","17311.80"
"NIFTY 50","14 Oct 2022","17322.30","17348.55","17169.75","17185.70"
"NIFTY 50","13 Oct 2022","17087.35","17112.35","16956.95","17014.35"
"NIFTY 50","12 Oct 2022","17025.55","17142.35","16960.05","17123.60"
"NIFTY 50","11 Oct 2022","17256.05","17261.80","16950.30","16983.55"
"NIFTY 50","10 Oct 2022","17094.35","17280.15","17064.70","17241.00"
"NIFTY 50","07 Oct 2022","17287.20","17337.35","17216.95","17314.65"
"NIFTY 50","06 Oct 2022","17379.25","17428.80","17315.65","17331.80"
"NIFTY 50","04 Oct 2022","17147.45","17287.30","17117.30","17274.30"
"NIFTY 50","03 Oct 2022","17102.10","17114.65","16855.55","16887.35"
"NIFTY 50","30 Sep 2022","16798.05","17187.10","16747.70","17094.35"
"NIFTY 50","29 Sep 2022","16993.60","17026.05","16788.60","16818.10"
"NIFTY 50","28 Sep 2022","16870.55","17037.60","16820.40","16858.60"
"NIFTY 50","27 Sep 2022","17110.90","17176.45","16942.35","17007.40"
"NIFTY 50","26 Sep 2022","17156.30","17196.40","16978.30","17016.30"
"NIFTY 50","23 Sep 2022","17593.85","17642.15","17291.65","17327.35"
"NIFTY 50","22 Sep 2022","17609.65","17722.75","17532.45","17629.80"
"NIFTY 50","21 Sep 2022","17766.35","17838.70","17663.60","17718.35"
"NIFTY 50","20 Sep 2024","25525.95","25849.25","25426.6","25790.95"
"NIFTY 50","19 Sep 2024","25487.05","25611.95","25376.05","25415.80"
"NIFTY 50","18 Sep 2024","25402.4","25482.2","25285.55","25377.55"
"NIFTY 50","17 Sep 2024","25416.9","25441.65","25352.25","25418.55"
"NIFTY 50","16 Sep 2024","25406.65","25445.7","25336.2","25383.75"
"NIFTY 50","13 Sep 2024","25430.45","25430.5","25292.45","25356.50"
"NIFTY 50","12 Sep 2024","25059.65","25433.35","24941.45","25388.90"
"NIFTY 50","11 Sep 2024","25034","25113.7","24885.15","24918.45"
"NIFTY 50","10 Sep 2024","24999.4","25130.5","24896.8","25041.10"
"NIFTY 50","09 Sep 2024","24823.4","24957.5","24753.15","24936.40"
"NIFTY 50","06 Sep 2024","25093.7","25168.75","24801.3","24852.15"
"NIFTY 50","05 Sep 2024","25250.5","25275.45","25127.75","25145.10"
"NIFTY 50","04 Sep 2024","25089.95","25216","25083.8","25198.70"
"NIFTY 50","03 Sep 2024","25313.4","25321.7","25235.8","25279.85"
"NIFTY 50","02 Sep 2024","25333.6","25333.65","25235.5","25278.70"
"NIFTY 50","30 Aug 2024","25249.7","25268.35","25199.4","25235.90"
"NIFTY 50","29 Aug 2024","25035.3","25192.9","24998.5","25151.95"
"NIFTY 50","28 Aug 2024","25030.8","25129.6","24964.65","25052.35"
"NIFTY 50","27 Aug 2024","25024.8","25073.1","24973.65","25017.75"
"NIFTY 50","26 Aug 2024","24906.1","25043.8","24874.7","25010.60"
"NIFTY 50","23 Aug 2024","24845.4","24858.4","24771.65","24823.15"
"NIFTY 50","22 Aug 2024","24863.4","24867.35","24784.45","24811.50"
"NIFTY 50","21 Aug 2024","24680.55","24787.95","24654.5","24770.20"
"NIFTY 50","20 Aug 2024","24648.9","24734.3","24607.2","24698.85"
"NIFTY 50","19 Aug 2024","24636.35","24638.8","24522.95","24572.65"
"NIFTY 50","16 Aug 2024","24334.85","24563.9","24204.5","24541.15"
"NIFTY 50","14 Aug 2024","24184.4","24196.5","24099.7","24143.75"
"NIFTY 50","13 Aug 2024","24342.35","24359.95","24116.5","24139.00"
"NIFTY 50","12 Aug 2024","24320.05","24472.8","24212.1","24347.00"
"NIFTY 50","09 Aug 2024","24386.85","24419.75","24311.2","24367.50"
"NIFTY 50","08 Aug 2024","24248.55","24340.5","24079.7","24117.00"
"NIFTY 50","07 Aug 2024","24289.4","24337.7","24184.9","24297.50"
"NIFTY 50","06 Aug 2024","24189.85","24382.6","23960.4","23992.55"
"NIFTY 50","05 Aug 2024","24302.85","24350.05","23893.7","24055.60"
"NIFTY 50","02 Aug 2024","24789","24851.9","24686.85","24717.70"
"NIFTY 50","01 Aug 2024","25030.95","25078.3","24956.4","25010.90"
"NIFTY 50","31 Jul 2024","24886.7","24984.6","24856.5","24951.15"
"NIFTY 50","30 Jul 2024","24839.4","24971.75","24798.65","24857.30"
"NIFTY 50","29 Jul 2024","24943.3","24999.75","24774.6","24836.10"
"NIFTY 50","26 Jul 2024","24423.35","24861.15","24410.9","24834.85"
"NIFTY 50","25 Jul 2024","24230.95","24426.15","24210.8","24406.10"
"NIFTY 50","24 Jul 2024","24444.95","24504.25","24307.25","24413.50"
"NIFTY 50","23 Jul 2024","24568.9","24582.55","24074.2","24479.05"
"NIFTY 50","22 Jul 2024","24445.75","24595.2","24362.3","24509.25"
"NIFTY 50","19 Jul 2024","24853.8","24854.8","24508.15","24530.90"
"NIFTY 50","18 Jul 2024","24543.8","24837.75","24504.45","24800.85"
"NIFTY 50","16 Jul 2024","24615.9","24661.25","24587.65","24613.00"
"NIFTY 50","15 Jul 2024","24587.6","24635.05","24522.75","24586.70"
"NIFTY 50","12 Jul 2024","24387.95","24592.2","24331.15","24502.15"
"NIFTY 50","11 Jul 2024","24396.55","24402.65","24193.75","24315.95"
"NIFTY 50","10 Jul 2024","24459.85","24461.05","24141.8","24324.45"
"NIFTY 50","09 Jul 2024","24351","24443.6","24331.9","24433.20"
"NIFTY 50","08 Jul 2024","24329.45","24344.6","24240.55","24320.55"
"NIFTY 50","05 Jul 2024","24213.35","24363","24168.85","24323.85"
"NIFTY 50","04 Jul 2024","24369.95","24401","24281","24302.15"
"NIFTY 50","03 Jul 2024","24291.75","24309.15","24207.1","24286.50"
"NIFTY 50","02 Jul 2024","24228.75","24236.35","24056.4","24123.85"
"NIFTY 50","01 Jul 2024","23992.95","24164","23992.7","24141.95"
"NIFTY 50","28 Jun 2024","24085.9","24174","23985.8","24010.60"
"NIFTY 50","27 Jun 2024","23881.55","24087.45","23805.4","24044.50"
"NIFTY 50","26 Jun 2024","23723.1","23889.9","23670.45","23868.80"
"NIFTY 50","25 Jun 2024","23577.1","23754.15","23562.05","23721.30"
"NIFTY 50","24 Jun 2024","23382.3","23558.1","23350","23537.85"
"NIFTY 50","21 Jun 2024","23661.15","23667.1","23398.2","23501.10"
"NIFTY 50","20 Jun 2024","23586.15","23624","23442.6","23567.00"
"NIFTY 50","19 Jun 2024","23629.85","23664","23412.9","23516.00"
"NIFTY 50","18 Jun 2024","23570.8","23579.05","23499.7","23557.90"
"NIFTY 50","14 Jun 2024","23464.95","23490.4","23334.25","23465.60"
"NIFTY 50","13 Jun 2024","23480.95","23481.05","23353.9","23398.90"
"NIFTY 50","12 Jun 2024","23344.45","23441.95","23295.95","23322.95"
"NIFTY 50","11 Jun 2024","23283.75","23389.45","23206.65","23264.85"
"NIFTY 50","10 Jun 2024","23319.15","23411.9","23227.15","23259.20"
"NIFTY 50","07 Jun 2024","22821.85","23320.2","22789.05","23290.15"
"NIFTY 50","06 Jun 2024","22798.6","22910.15","22642.6","22821.40"
"NIFTY 50","05 Jun 2024","22128.35","22670.4","21791.95","22620.35"
"NIFTY 50","04 Jun 2024","23179.5","23179.5","21281.45","21884.50"
"NIFTY 50","03 Jun 2024","23337.9","23338.7","23062.3","23263.90"
"NIFTY 50","31 May 2024","22568.1","22653.75","22465.1","22530.70"
"NIFTY 50","30 May 2024","22617.45","22705.75","22417","22488.65"
"NIFTY 50","29 May 2024","22762.75","22825.5","22685.45","22704.70"
"NIFTY 50","28 May 2024","22977.15","22998.55","22858.5","22888.15"
"NIFTY 50","27 May 2024","23038.95","23110.8","22871.2","22932.45"
"NIFTY 50","24 May 2024","22930.75","23026.4","22908","22957.10"
"NIFTY 50","23 May 2024","22614.1","22993.6","22577.45","22967.65"
"NIFTY 50","22 May 2024","22576.6","22629.5","22483.15","22597.80"
"NIFTY 50","21 May 2024","22404.55","22591.1","22404.55","22529.05"
"NIFTY 50","18 May 2024","22512.85","22520.25","22470.05","22502.00"
"NIFTY 50","17 May 2024","22415.25","22502.15","22345.65","22466.10"
"NIFTY 50","16 May 2024","22319.2","22432.25","22054.55","22403.85"
"NIFTY 50","15 May 2024","22255.6","22297.55","22151.75","22200.55"
"NIFTY 50","14 May 2024","22112.9","22270.05","22081.25","22217.85"
"NIFTY 50","13 May 2024","22027.95","22131.65","21821.05","22104.05"
"NIFTY 50","10 May 2024","21990.95","22131.3","21950.3","22055.20"
"NIFTY 50","09 May 2024","22224.8","22307.75","21932.4","21957.50"
"NIFTY 50","08 May 2024","22231.2","22368.65","22185.2","22302.50"
"NIFTY 50","07 May 2024","22489.75","22499.05","22232.05","22302.50"
"NIFTY 50","06 May 2024","22561.6","22588.8","22409.45","22442.70"
"NIFTY 50","03 May 2024","22766.35","22794.7","22348.05","22475.85"
"NIFTY 50","02 May 2024","22567.85","22710.5","22567.85","22648.20"
"NIFTY 50","30 Apr 2024","22679.65","22783.35","22568.4","22604.85"
"NIFTY 50","29 Apr 2024","22475.55","22655.8","22441.9","22643.40"
"NIFTY 50","26 Apr 2024","22620.4","22620.4","22385.55","22419.95"
"NIFTY 50","25 Apr 2024","22316.9","22625.95","22305.25","22570.35"
"NIFTY 50","24 Apr 2024","22421.55","22476.45","22384","22402.40"
"NIFTY 50","23 Apr 2024","22447.05","22447.55","22349.45","22368.00"
"NIFTY 50","22 Apr 2024","22336.9","22375.65","22198.15","22336.40"
"NIFTY 50","19 Apr 2024","21861.5","22179.55","21777.65","22147.00"
"NIFTY 50","18 Apr 2024","22212.35","22326.5","21961.7","21995.85"
"NIFTY 50","16 Apr 2024","22125.3","22213.75","22079.45","22147.90"
"NIFTY 50","15 Apr 2024","22339.05","22427.45","22259.55","22272.50"
"NIFTY 50","12 Apr 2024","22677.4","22726.45","22503.75","22519.40"
"NIFTY 50","10 Apr 2024","22720.25","22775.70","22673.70","22753.80"
"NIFTY 50","09 Apr 2024","22765.10","22768.40","22612.25","22642.75"
"NIFTY 50","08 Apr 2024","22578.35","22697.30","22550.35","22666.30"
"NIFTY 50","05 Apr 2024","22486.40","22537.60","22427.60","22513.70"
"NIFTY 50","04 Apr 2024","22592.10","22619.00","22303.80","22514.65"
"NIFTY 50","03 Apr 2024","22385.70","22521.10","22346.50","22434.65"
"NIFTY 50","02 Apr 2024","22458.80","22497.60","22388.15","22453.30"
"NIFTY 50","01 Apr 2024","22455.00","22529.95","22427.75","22462.00"
"NIFTY 50","28 Mar 2024","22163.60","22516.00","22163.60","22326.90"
"NIFTY 50","27 Mar 2024","22053.95","22193.60","22052.85","22123.65"
"NIFTY 50","26 Mar 2024","21947.90","22073.20","21947.55","22004.70"
"NIFTY 50","22 Mar 2024","21932.20","22180.70","21883.30","22096.75"
"NIFTY 50","21 Mar 2024","21989.90","22080.95","21941.30","22011.95"
"NIFTY 50","20 Mar 2024","21843.90","21930.90","21710.20","21839.10"
"NIFTY 50","19 Mar 2024","21946.45","21978.30","21793.10","21817.45"
"NIFTY 50","18 Mar 2024","21990.10","22123.70","21916.55","22055.70"
"NIFTY 50","15 Mar 2024","22064.85","22120.90","21931.70","22023.35"
"NIFTY 50","14 Mar 2024","21982.55","22204.60","21917.50","22146.65"
"NIFTY 50","13 Mar 2024","22432.20","22446.75","21905.65","21997.70"
"NIFTY 50","12 Mar 2024","22334.45","22452.55","22256.00","22335.70"
"NIFTY 50","11 Mar 2024","22517.50","22526.60","22307.25","22332.65"
"NIFTY 50","07 Mar 2024","22505.30","22525.65","22430.00","22493.55"
"NIFTY 50","06 Mar 2024","22327.50","22497.20","22224.35","22474.05"
"NIFTY 50","05 Mar 2024","22371.25","22416.90","22269.15","22356.30"
"NIFTY 50","04 Mar 2024","22403.50","22440.90","22358.30","22405.60"
"NIFTY 50","02 Mar 2024","22406.95","22419.55","22367.05","22378.40"
"NIFTY 50","01 Mar 2024","22048.30","22353.30","22047.75","22338.75"
"NIFTY 50","29 Feb 2024","21935.20","22060.55","21860.65","21982.80"
"NIFTY 50","28 Feb 2024","22214.10","22229.15","21915.85","21951.15"
"NIFTY 50","27 Feb 2024","22090.20","22218.25","22085.65","22198.35"
"NIFTY 50","26 Feb 2024","22169.20","22202.15","22075.15","22122.05"
"NIFTY 50","23 Feb 2024","22290.00","22297.50","22186.10","22212.70"
"NIFTY 50","22 Feb 2024","22081.55","22252.50","21875.25","22217.45"
"NIFTY 50","21 Feb 2024","22248.85","22249.40","21997.95","22055.05"
"NIFTY 50","20 Feb 2024","22099.20","22215.60","22045.85","22196.95"
"NIFTY 50","19 Feb 2024","22103.45","22186.65","22021.05","22122.25"
"NIFTY 50","16 Feb 2024","22020.30","22068.65","21968.95","22040.70"
"NIFTY 50","15 Feb 2024","21906.55","21953.85","21794.80","21910.75"
"NIFTY 50","14 Feb 2024","21578.15","21870.85","21530.20","21840.05"
"NIFTY 50","13 Feb 2024","21664.30","21766.80","21543.35","21743.25"
"NIFTY 50","12 Feb 2024","21800.80","21831.70","21574.75","21616.05"
"NIFTY 50","09 Feb 2024","21727.00","21804.45","21629.90","21782.50"
"NIFTY 50","08 Feb 2024","22009.65","22011.05","21665.30","21717.95"
"NIFTY 50","07 Feb 2024","22045.05","22053.30","21860.15","21930.50"
"NIFTY 50","06 Feb 2024","21825.20","21951.40","21737.55","21929.40"
"NIFTY 50","05 Feb 2024","21921.05","21964.30","21726.95","21771.70"
"NIFTY 50","02 Feb 2024","21812.75","22126.80","21805.55","21853.80"
"NIFTY 50","01 Feb 2024","21780.65","21832.95","21658.75","21697.45"
"NIFTY 50","31 Jan 2024","21487.25","21741.35","21448.85","21725.70"
"NIFTY 50","30 Jan 2024","21775.75","21813.05","21501.80","21522.10"
"NIFTY 50","29 Jan 2024","21433.10","21763.25","21429.60","21737.60"
"NIFTY 50","25 Jan 2024","21454.60","21459.00","21247.05","21352.60"
"NIFTY 50","24 Jan 2024","21185.25","21482.35","21137.20","21453.95"
"NIFTY 50","23 Jan 2024","21716.70","21750.25","21192.60","21238.80"
"NIFTY 50","20 Jan 2024","21706.15","21720.30","21541.80","21571.80"
"NIFTY 50","19 Jan 2024","21615.20","21670.60","21575.00","21622.40"
"NIFTY 50","18 Jan 2024","21414.20","21539.40","21285.55","21462.25"
"NIFTY 50","17 Jan 2024","21647.25","21851.50","21550.45","21571.95"
"NIFTY 50","16 Jan 2024","22080.50","22124.15","21969.80","22032.30"
"NIFTY 50","15 Jan 2024","22053.15","22115.55","21963.55","22097.45"
"NIFTY 50","12 Jan 2024","21773.55","21928.25","21715.15","21894.55"
"NIFTY 50","11 Jan 2024","21688.00","21726.50","21593.75","21647.20"
"NIFTY 50","10 Jan 2024","21529.30","21641.85","21448.65","21618.70"
"NIFTY 50","09 Jan 2024","21653.60","21724.45","21517.85","21544.85"
"NIFTY 50","08 Jan 2024","21747.60","21763.95","21492.90","21513.00"
"NIFTY 50","05 Jan 2024","21705.75","21749.60","21629.20","21710.80"
"NIFTY 50","04 Jan 2024","21605.80","21685.65","21564.55","21658.60"
"NIFTY 50","03 Jan 2024","21661.10","21677.00","21500.35","21517.35"
"NIFTY 50","02 Jan 2024","21751.35","21755.60","21555.65","21665.80"
"NIFTY 50","01 Jan 2024","21727.75","21834.35","21680.85","21741.90"
"NIFTY 50","29 Dec 2023","21737.65","21770.30","21676.90","21731.40"
"NIFTY 50","28 Dec 2023","21715.00","21801.45","21678.00","21778.70"
"NIFTY 50","27 Dec 2023","21497.65","21675.75","21495.80","21654.75"
"NIFTY 50","26 Dec 2023","21365.20","21477.15","21329.45","21441.35"
"NIFTY 50","22 Dec 2023","21295.85","21390.50","21232.45","21349.40"
"NIFTY 50","21 Dec 2023","21033.95","21288.35","20976.80","21255.05"
"NIFTY 50","20 Dec 2023","21543.50","21593.00","21087.35","21150.15"
"NIFTY 50","19 Dec 2023","21477.65","21505.05","21337.75","21453.10"
"NIFTY 50","18 Dec 2023","21434.80","21482.80","21365.35","21418.65"
"NIFTY 50","15 Dec 2023","21287.45","21492.30","21235.30","21456.65"
"NIFTY 50","14 Dec 2023","21110.40","21210.90","21074.45","21182.70"
"NIFTY 50","13 Dec 2023","20929.75","20950.00","20769.50","20926.35"
"NIFTY 50","12 Dec 2023","21018.55","21037.90","20867.15","20906.40"
"NIFTY 50","11 Dec 2023","20965.30","21026.10","20923.70","20997.10"
"NIFTY 50","08 Dec 2023","20934.10","21006.10","20862.70","20969.40"
"NIFTY 50","07 Dec 2023","20932.40","20941.25","20850.80","20901.15"
"NIFTY 50","06 Dec 2023","20950.75","20961.95","20852.15","20937.70"
"NIFTY 50","05 Dec 2023","20808.90","20864.05","20711.15","20855.10"
"NIFTY 50","04 Dec 2023","20601.95","20702.65","20507.75","20686.80"
"NIFTY 50","01 Dec 2023","20194.10","20291.55","20183.70","20267.90"
"NIFTY 50","30 Nov 2023","20108.50","20158.70","20015.85","20133.15"
"NIFTY 50","29 Nov 2023","19976.55","20104.65","19956.30","20096.60"
"NIFTY 50","28 Nov 2023","19844.65","19916.85","19800.00","19889.70"
"NIFTY 50","24 Nov 2023","19809.60","19832.85","19768.85","19794.70"
"NIFTY 50","23 Nov 2023","19828.45","19875.15","19786.75","19802.00"
"NIFTY 50","22 Nov 2023","19784.00","19825.55","19703.85","19811.85"
"NIFTY 50","21 Nov 2023","19770.90","19829.10","19754.05","19783.40"
"NIFTY 50","20 Nov 2023","19731.15","19756.45","19670.50","19694.00"
"NIFTY 50","17 Nov 2023","19674.75","19806.00","19667.45","19731.80"
"NIFTY 50","16 Nov 2023","19674.70","19875.25","19627.00","19765.20"
"NIFTY 50","15 Nov 2023","19651.40","19693.20","19579.65","19675.45"
"NIFTY 50","13 Nov 2023","19486.75","19494.40","19414.75","19443.55"
"NIFTY 50","12 Nov 2023","19547.25","19547.25","19510.25","19525.55"
"NIFTY 50","10 Nov 2023","19351.85","19451.30","19329.45","19425.35"
"NIFTY 50","09 Nov 2023","19457.40","19463.90","19378.35","19395.30"
"NIFTY 50","08 Nov 2023","19449.60","19464.40","19401.50","19443.50"
"NIFTY 50","07 Nov 2023","19404.05","19423.50","19329.10","19406.70"
"NIFTY 50","06 Nov 2023","19345.85","19423.00","19309.70","19411.75"
"NIFTY 50","03 Nov 2023","19241.00","19276.25","19210.90","19230.60"
"NIFTY 50","02 Nov 2023","19120.00","19175.25","19064.15","19133.25"
"NIFTY 50","01 Nov 2023","19064.05","19096.05","18973.70","18989.15"
"NIFTY 50","31 Oct 2023","19232.95","19233.70","19056.45","19079.60"
"NIFTY 50","30 Oct 2023","19053.40","19158.50","18940.00","19140.90"
"NIFTY 50","27 Oct 2023","18928.75","19076.15","18926.65","19047.25"
"NIFTY 50","26 Oct 2023","19027.25","19041.70","18837.85","18857.25"
"NIFTY 50","25 Oct 2023","19286.45","19347.30","19074.15","19122.15"
"NIFTY 50","23 Oct 2023","19521.60","19556.85","19257.85","19281.75"
"NIFTY 50","20 Oct 2023","19542.15","19593.80","19518.70","19542.65"
"NIFTY 50","19 Oct 2023","19545.20","19681.80","19512.35","19624.70"
"NIFTY 50","18 Oct 2023","19820.45","19840.95","19659.95","19671.10"
"NIFTY 50","17 Oct 2023","19843.20","19849.75","19775.65","19811.50"
"NIFTY 50","16 Oct 2023","19737.25","19781.30","19691.85","19731.75"
"NIFTY 50","13 Oct 2023","19654.55","19805.40","19635.30","19751.05"
"NIFTY 50","12 Oct 2023","19822.70","19843.30","19772.65","19794.00"
"NIFTY 50","11 Oct 2023","19767.00","19839.20","19756.95","19811.35"
"NIFTY 50","10 Oct 2023","19565.60","19717.80","19565.45","19689.85"
"NIFTY 50","09 Oct 2023","19539.45","19588.95","19480.50","19512.35"
"NIFTY 50","06 Oct 2023","19621.20","19675.75","19589.40","19653.50"
"NIFTY 50","05 Oct 2023","19521.85","19576.95","19487.30","19545.75"
"NIFTY 50","04 Oct 2023","19446.30","19457.80","19333.60","19436.10"
"NIFTY 50","03 Oct 2023","19622.40","19623.20","19479.65","19528.75"
"NIFTY 50","29 Sep 2023","19581.20","19726.25","19551.05","19638.30"
"NIFTY 50","28 Sep 2023","19761.80","19766.65","19492.10","19523.55"
"NIFTY 50","27 Sep 2023","19637.05","19730.70","19554.00","19716.45"
"NIFTY 50","26 Sep 2023","19682.80","19699.35","19637.45","19664.70"
"NIFTY 50","25 Sep 2023","19678.20","19734.15","19601.55","19674.55"
"NIFTY 50","22 Sep 2023","19744.85","19798.65","19657.50","19674.25"
"NIFTY 50","21 Sep 2023","19840.55","19848.75","19709.95","19742.35"
"NIFTY 50","19 Sep 2025","25410.2","25431.4","25286.3","25327.05"
"NIFTY 50","18 Sep 2025","25441.05","25448.95","25329.75","25423.60"
"NIFTY 50","17 Sep 2025","25276.6","25346.5","25275.35","25330.25"
"NIFTY 50","16 Sep 2025","25073.6","25261.4","25070.45","25239.10"
"NIFTY 50","15 Sep 2025","25118.9","25138.45","25048.75","25069.20"
"NIFTY 50","12 Sep 2025","25074.45","25139.45","25038.05","25114.00"
"NIFTY 50","11 Sep 2025","24945.5","25037.3","24940.15","25005.50"
"NIFTY 50","10 Sep 2025","24991","25035.7","24915.05","24973.10"
"NIFTY 50","09 Sep 2025","24864.1","24891.8","24814","24868.60"
"NIFTY 50","08 Sep 2025","24802.6","24885.5","24751.55","24773.15"
"NIFTY 50","05 Sep 2025","24818.85","24832.35","24621.6","24741.00"
"NIFTY 50","04 Sep 2025","24980.75","24980.75","24708.2","24734.30"
"NIFTY 50","03 Sep 2025","24616.5","24737.05","24533.2","24715.05"
"NIFTY 50","02 Sep 2025","24653","24756.1","24522.35","24579.60"
"NIFTY 50","01 Sep 2025","24432.7","24635.6","24432.7","24625.05"
"NIFTY 50","29 Aug 2025","24466.7","24572.45","24404.7","24426.85"
"NIFTY 50","28 Aug 2025","24695.8","24702.65","24481.6","24500.90"
"NIFTY 50","26 Aug 2025","24899.5","24919.65","24689.6","24712.05"
"NIFTY 50","25 Aug 2025","24949.15","25021.55","24894.35","24967.75"
"NIFTY 50","22 Aug 2025","25064.15","25084.85","24859.15","24870.10"
"NIFTY 50","21 Aug 2025","25142","25153.65","25054.9","25083.75"
"NIFTY 50","20 Aug 2025","24965.8","25088.7","24929.7","25050.55"
"NIFTY 50","19 Aug 2025","24891.35","25012.65","24873.95","24980.65"
"NIFTY 50","18 Aug 2025","24938.2","25022","24852.85","24876.95"
"NIFTY 50","14 Aug 2025","24607.25","24673.65","24596.9","24631.30"
"NIFTY 50","13 Aug 2025","24586.2","24664.55","24535.25","24619.35"
"NIFTY 50","12 Aug 2025","24563.35","24702.6","24465.65","24487.40"
"NIFTY 50","11 Aug 2025","24371.5","24600.85","24347.45","24585.05"
"NIFTY 50","08 Aug 2025","24544.25","24585.5","24337.5","24363.30"
"NIFTY 50","07 Aug 2025","24464.2","24634.2","24344.15","24596.15"
"NIFTY 50","06 Aug 2025","24641.35","24671.4","24539.2","24574.20"
"NIFTY 50","05 Aug 2025","24720.25","24733.1","24590.3","24649.55"
"NIFTY 50","04 Aug 2025","24596.05","24736.25","24554","24722.75"
"NIFTY 50","01 Aug 2025","24734.9","24784.15","24535.05","24565.35"
"NIFTY 50","31 Jul 2025","24642.25","24956.5","24635","24768.35"
"NIFTY 50","30 Jul 2025","24890.4","24902.3","24771.95","24855.05"
"NIFTY 50","29 Jul 2025","24609.65","24847.15","24598.6","24821.10"
"NIFTY 50","28 Jul 2025","24782.45","24889.2","24646.6","24680.90"
"NIFTY 50","25 Jul 2025","25010.35","25010.35","24806.35","24837.00"
"NIFTY 50","24 Jul 2025","25243.3","25246.25","25018.7","25062.10"
"NIFTY 50","23 Jul 2025","25139.35","25233.5","25085.5","25219.90"
"NIFTY 50","22 Jul 2025","25166.65","25182","25035.55","25060.90"
"NIFTY 50","21 Jul 2025","24999","25111.4","24882.3","25090.70"
"NIFTY 50","18 Jul 2025","25108.55","25144.6","24918.65","24968.40"
"NIFTY 50","17 Jul 2025","25230.75","25238.35","25101","25111.45"
"NIFTY 50","16 Jul 2025","25196.6","25255.3","25121.05","25212.05"
"NIFTY 50","15 Jul 2025","25089.5","25245.2","25088.45","25195.80"
"NIFTY 50","14 Jul 2025","25149.5","25151.1","25001.95","25082.30"
"NIFTY 50","11 Jul 2025","25255.5","25322.45","25129","25149.85"
"NIFTY 50","10 Jul 2025","25511.65","25524.05","25340.45","25355.25"
"NIFTY 50","09 Jul 2025","25514.6","25548.7","25424.35","25476.10"
"NIFTY 50","08 Jul 2025","25427.85","25548.05","25424.15","25522.50"
"NIFTY 50","07 Jul 2025","25450.45","25489.8","25407.25","25461.30"
"NIFTY 50","04 Jul 2025","25428.85","25470.25","25331.65","25461.00"
"NIFTY 50","03 Jul 2025","25505.1","25587.5","25384.35","25405.30"
"NIFTY 50","02 Jul 2025","25588.3","25608.1","25378.75","25453.40"
"NIFTY 50","01 Jul 2025","25551.35","25593.4","25501.8","25541.80"
"NIFTY 50","30 Jun 2025","25661.65","25669.35","25473.3","25517.05"
"NIFTY 50","27 Jun 2025","25576.65","25654.2","25523.55","25637.80"
"NIFTY 50","26 Jun 2025","25268.95","25565.3","25259.9","25549.00"
"NIFTY 50","25 Jun 2025","25150.35","25266.8","25125.05","25244.75"
"NIFTY 50","24 Jun 2025","25179.9","25317.7","24999.7","25044.35"
"NIFTY 50","23 Jun 2025","24939.75","25057","24824.85","24971.90"
"NIFTY 50","20 Jun 2025","24787.65","25136.2","24783.65","25112.40"
"NIFTY 50","19 Jun 2025","24803.25","24863.1","24733.4","24793.25"
"NIFTY 50","18 Jun 2025","24788.35","24947.55","24750.45","24812.05"
"NIFTY 50","17 Jun 2025","24977.85","24982.05","24813.7","24853.40"
"NIFTY 50","16 Jun 2025","24732.35","24967.1","24703.6","24946.50"
"NIFTY 50","13 Jun 2025","24473","24754.35","24473","24718.60"
"NIFTY 50","12 Jun 2025","25164.45","25196.2","24825.9","24888.20"
"NIFTY 50","11 Jun 2025","25134.15","25222.4","25081.3","25141.40"
"NIFTY 50","10 Jun 2025","25196.05","25199.3","25055.45","25104.25"
"NIFTY 50","09 Jun 2025","25160.1","25160.1","25077.15","25103.20"
"NIFTY 50","06 Jun 2025","24748.7","25029.5","24671.45","25003.05"
"NIFTY 50","05 Jun 2025","24691.2","24899.85","24613.1","24750.90"
"NIFTY 50","04 Jun 2025","24560.45","24644.25","24530.45","24620.20"
"NIFTY 50","03 Jun 2025","24786.3","24845.1","24502.15","24542.50"
"NIFTY 50","02 Jun 2025","24669.7","24754.4","24526.15","24716.60"
"NIFTY 50","30 May 2025","24812.6","24863.95","24717.4","24750.70"
"NIFTY 50","29 May 2025","24825.1","24892.6","24677.3","24833.60"
"NIFTY 50","28 May 2025","24832.5","24864.25","24737.05","24752.45"
"NIFTY 50","27 May 2025","24956.65","25062.9","24704.1","24826.20"
"NIFTY 50","26 May 2025","24919.35","25079.2","24900.5","25001.15"
"NIFTY 50","23 May 2025","24639.5","24909.05","24614.05","24853.15"
"NIFTY 50","22 May 2025","24733.95","24737.5","24462.4","24609.70"
"NIFTY 50","21 May 2025","24744.25","24946.2","24685.35","24813.45"
"NIFTY 50","20 May 2025","24996.2","25010.35","24669.7","24683.90"
"NIFTY 50","19 May 2025","25005.35","25062.95","24916.65","24945.45"
"NIFTY 50","16 May 2025","25064.65","25070","24953.05","25019.80"
"NIFTY 50","15 May 2025","24694.45","25116.25","24494.45","25062.10"
"NIFTY 50","14 May 2025","24613.8","24767.55","24535.55","24666.90"
"NIFTY 50","13 May 2025","24864.05","24973.8","24547.5","24578.35"
"NIFTY 50","12 May 2025","24420.1","24944.8","24378.85","24924.70"
"NIFTY 50","09 May 2025","23935.75","24164.25","23935.75","24008.00"
"NIFTY 50","08 May 2025","24431.5","24447.25","24150.2","24273.80"
"NIFTY 50","07 May 2025","24233.3","24449.6","24220","24414.40"
"NIFTY 50","06 May 2025","24500.75","24509.65","24331.8","24379.60"
"NIFTY 50","05 May 2025","24419.5","24526.4","24400.65","24461.15"
"NIFTY 50","02 May 2025","24311.9","24589.15","24238.5","24346.70"
"NIFTY 50","30 Apr 2025","24342.05","24396.15","24198.75","24334.20"
"NIFTY 50","29 Apr 2025","24370.7","24457.65","24290.75","24335.95"
"NIFTY 50","28 Apr 2025","24070.25","24355.1","24054.05","24328.50"
"NIFTY 50","25 Apr 2025","24289","24365.45","23847.85","24039.35"
"NIFTY 50","24 Apr 2025","24277.9","24347.85","24216.15","24246.70"
"NIFTY 50","23 Apr 2025","24357.6","24359.3","24119.95","24328.95"
"NIFTY 50","22 Apr 2025","24185.4","24242.6","24072","24167.25"
"NIFTY 50","21 Apr 2025","23949.15","24189.55","23903.65","24125.55"
"NIFTY 50","17 Apr 2025","23401.85","23872.35","23298.55","23851.65"
"NIFTY 50","16 Apr 2025","23344.1","23452.2","23273.05","23437.20"
"NIFTY 50","15 Apr 2025","23368.35","23368.35","23207","23328.55"
"NIFTY 50","11 Apr 2025","22695.4","22923.9","22695.4","22828.55"
"NIFTY 50","09 Apr 2025","22460.3","22468.7","22353.25","22399.15"
"NIFTY 50","08 Apr 2025","22446.75","22697.2","22270.85","22535.85"
"NIFTY 50","07 Apr 2025","21758.4","22254","21743.65","22161.60"
"NIFTY 50","04 Apr 2025","23190.4","23214.7","22857.45","22904.45"
"NIFTY 50","03 Apr 2025","23150.3","23306.5","23145.8","23250.10"
"NIFTY 50","02 Apr 2025","23192.6","23350","23158.45","23332.35"
"NIFTY 50","01 Apr 2025","23341.1","23565.15","23136.4","23165.70"
"NIFTY 50","28 Mar 2025","23600.4","23649.2","23450.2","23519.35"
"NIFTY 50","27 Mar 2025","23433.95","23646.45","23412.2","23591.95"
"NIFTY 50","26 Mar 2025","23700.95","23736.5","23451.7","23486.85"
"NIFTY 50","25 Mar 2025","23751.5","23869.6","23601.4","23668.65"
"NIFTY 50","24 Mar 2025","23515.4","23708.75","23433.5","23658.35"
"NIFTY 50","21 Mar 2025","23168.25","23402.7","23132.8","23350.40"
"NIFTY 50","20 Mar 2025","23036.6","23216.7","22973.95","23190.65"
"NIFTY 50","19 Mar 2025","22874.95","22940.7","22807.95","22907.60"
"NIFTY 50","18 Mar 2025","22662.25","22857.8","22599.2","22834.30"
"NIFTY 50","17 Mar 2025","22353.15","22577","22353.15","22508.75"
"NIFTY 50","13 Mar 2025","22541.5","22558.05","22377.35","22397.20"
"NIFTY 50","12 Mar 2025","22536.35","22577.4","22329.55","22470.50"
"NIFTY 50","11 Mar 2025","22345.95","22522.1","22314.7","22497.90"
"NIFTY 50","10 Mar 2025","22521.85","22676.75","22429.05","22460.30"
"NIFTY 50","07 Mar 2025","22508.65","22633.8","22464.75","22552.50"
"NIFTY 50","06 Mar 2025","22476.35","22556.45","22245.85","22544.70"
"NIFTY 50","05 Mar 2025","22073.05","22394.9","22067.8","22337.30"
"NIFTY 50","04 Mar 2025","21974.45","22105.05","21964.6","22082.65"
"NIFTY 50","03 Mar 2025","22194.55","22261.55","22004.7","22119.30"
"NIFTY 50","28 Feb 2025","22433.4","22450.35","22104.85","22124.70"
"NIFTY 50","27 Feb 2025","22568.95","22613.3","22508.4","22545.05"
"NIFTY 50","25 Feb 2025","22516.45","22625.3","22513.9","22547.55"
"NIFTY 50","24 Feb 2025","22609.35","22668.05","22518.8","22553.35"
"NIFTY 50","21 Feb 2025","22857.2","22921","22720.3","22795.90"
"NIFTY 50","20 Feb 2025","22821.1","22923.85","22812.75","22913.15"
"NIFTY 50","19 Feb 2025","22847.25","23049.95","22814.85","22932.90"
"NIFTY 50","18 Feb 2025","22963.65","22992.5","22801.5","22945.30"
"NIFTY 50","17 Feb 2025","22809.9","22974.2","22725.45","22959.50"
"NIFTY 50","14 Feb 2025","23096.45","23133.7","22774.85","22929.25"
"NIFTY 50","13 Feb 2025","23055.75","23235.5","22992.2","23031.40"
"NIFTY 50","12 Feb 2025","23050.8","23144.7","22798.35","23045.25"
"NIFTY 50","11 Feb 2025","23383.55","23390.05","22986.65","23071.80"
"NIFTY 50","10 Feb 2025","23543.8","23568.6","23316.3","23381.60"
"NIFTY 50","07 Feb 2025","23649.5","23694.5","23443.2","23559.95"
"NIFTY 50","06 Feb 2025","23761.95","23773.55","23556.25","23603.35"
"NIFTY 50","05 Feb 2025","23801.75","23807.3","23680.45","23696.30"
"NIFTY 50","04 Feb 2025","23509.9","23762.75","23423.15","23739.25"
"NIFTY 50","03 Feb 2025","23319.35","23381.6","23222","23361.05"
"NIFTY 50","01 Feb 2025","23528.6","23632.45","23318.3","23482.15"
"NIFTY 50","31 Jan 2025","23296.75","23546.8","23277.4","23508.40"
"NIFTY 50","30 Jan 2025","23169.5","23322.05","23139.2","23249.50"
"NIFTY 50","29 Jan 2025","23026.75","23183.35","22976.5","23163.10"
"NIFTY 50","28 Jan 2025","22960.45","23137.95","22857.65","22957.25"
"NIFTY 50","27 Jan 2025","22940.15","23007.45","22786.9","22829.15"
"NIFTY 50","24 Jan 2025","23183.9","23347.3","23050","23092.20"
"NIFTY 50","23 Jan 2025","23128.3","23270.8","23090.65","23205.35"
"NIFTY 50","22 Jan 2025","23099.15","23169.55","22981.3","23155.35"
"NIFTY 50","21 Jan 2025","23421.65","23426.3","22976.85","23024.65"
"NIFTY 50","20 Jan 2025","23290.4","23391.1","23170.65","23344.75"
"NIFTY 50","17 Jan 2025","23277.1","23292.1","23100.35","23203.20"
"NIFTY 50","16 Jan 2025","23377.25","23391.65","23272.05","23311.80"
"NIFTY 50","15 Jan 2025","23250.45","23293.65","23146.45","23213.20"
"NIFTY 50","14 Jan 2025","23165.9","23264.95","23134.15","23176.05"
"NIFTY 50","13 Jan 2025","23195.4","23340.95","23047.25","23085.95"
"NIFTY 50","10 Jan 2025","23551.9","23596.6","23344.35","23431.50"
"NIFTY 50","09 Jan 2025","23674.75","23689.5","23503.05","23526.50"
"NIFTY 50","08 Jan 2025","23746.65","23751.85","23496.15","23688.95"
"NIFTY 50","07 Jan 2025","23679.9","23795.2","23637.8","23707.90"
"NIFTY 50","06 Jan 2025","24045.8","24089.95","23551.9","23616.05"
"NIFTY 50","03 Jan 2025","24196.4","24196.45","23976","24004.75"
"NIFTY 50","02 Jan 2025","23783","24226.7","23751.55","24188.65"
"NIFTY 50","01 Jan 2025","23637.65","23822.8","23562.8","23742.90"
"NIFTY 50","31 Dec 2024","23560.6","23689.85","23460.45","23644.80"
"NIFTY 50","30 Dec 2024","23796.9","23915.35","23599.3","23644.90"
"NIFTY 50","27 Dec 2024","23801.4","23938.85","23800.6","23813.40"
"NIFTY 50","26 Dec 2024","23775.8","23854.5","23653.6","23750.20"
"NIFTY 50","24 Dec 2024","23769.1","23867.65","23685.15","23727.65"
"NIFTY 50","23 Dec 2024","23738.2","23869.55","23647.2","23753.45"
"NIFTY 50","20 Dec 2024","23960.7","24065.8","23537.35","23587.50"
"NIFTY 50","19 Dec 2024","23877.15","24004.9","23870.3","23951.70"
"NIFTY 50","18 Dec 2024","24297.95","24394.45","24149.85","24198.85"
"NIFTY 50","17 Dec 2024","24584.8","24624.1","24303.45","24336.00"
"NIFTY 50","16 Dec 2024","24753.4","24781.25","24601.75","24668.25"
"NIFTY 50","13 Dec 2024","24498.35","24792.3","24180.8","24768.30"
"NIFTY 50","12 Dec 2024","24604.45","24675.25","24527.95","24548.70"
"NIFTY 50","11 Dec 2024","24620.5","24691.75","24583.85","24641.80"
"NIFTY 50","10 Dec 2024","24652.65","24677.8","24510.65","24610.05"
"NIFTY 50","09 Dec 2024","24633.9","24705","24580.05","24619.00"
"NIFTY 50","06 Dec 2024","24729.45","24751.05","24620.5","24677.80"
"NIFTY 50","05 Dec 2024","24539.15","24857.75","24295.55","24708.40"
"NIFTY 50","04 Dec 2024","24488.75","24573.2","24366.3","24467.45"
"NIFTY 50","03 Dec 2024","24367.5","24481.35","24280","24457.15"
"NIFTY 50","02 Dec 2024","24140.85","24301.7","24008.65","24276.05"
"NIFTY 50","29 Nov 2024","23927.15","24188.45","23927.15","24131.10"
"NIFTY 50","28 Nov 2024","24274.15","24345.75","23873.35","23914.15"
"NIFTY 50","27 Nov 2024","24204.8","24354.55","24145.65","24274.90"
"NIFTY 50","26 Nov 2024","24343.3","24343.3","24125.4","24194.50"
"NIFTY 50","25 Nov 2024","24253.55","24351.55","24135.45","24221.90"
"NIFTY 50","22 Nov 2024","23411.8","23956.1","23359","23907.25"
"NIFTY 50","21 Nov 2024","23488.45","23507.3","23263.15","23349.90"
"NIFTY 50","19 Nov 2024","23529.55","23780.65","23464.8","23518.50"
"NIFTY 50","18 Nov 2024","23605.3","23606.8","23350.4","23453.80"
"NIFTY 50","14 Nov 2024","23542.15","23675.9","23484.15","23532.70"
"NIFTY 50","13 Nov 2024","23822.45","23873.6","23509.6","23559.05"
"NIFTY 50","12 Nov 2024","24225.8","24242","23839.15","23883.45"
"NIFTY 50","11 Nov 2024","24087.25","24336.8","24004.6","24141.30"
"NIFTY 50","08 Nov 2024","24207.7","24276.15","24066.65","24148.20"
"NIFTY 50","07 Nov 2024","24489.6","24503.35","24179.05","24199.35"
"NIFTY 50","06 Nov 2024","24308.75","24537.6","24204.05","24484.05"
"NIFTY 50","05 Nov 2024","23916.5","24229.05","23842.75","24213.30"
"NIFTY 50","04 Nov 2024","24315.75","24316.75","23816.15","23995.35"
"NIFTY 50","01 Nov 2024","24302.75","24368.25","24280.2","24304.35"
"NIFTY 50","31 Oct 2024","24349.85","24372.45","24172.6","24205.35"
"NIFTY 50","30 Oct 2024","24371.45","24498.2","24307.3","24340.85"
"NIFTY 50","29 Oct 2024","24328.85","24484.5","24140.85","24466.85"
"NIFTY 50","28 Oct 2024","24251.1","24492.6","24134.9","24339.15"
"NIFTY 50","25 Oct 2024","24418.05","24440.25","24073.9","24180.80"
"NIFTY 50","24 Oct 2024","24412.7","24480.65","24341.2","24399.40"
"NIFTY 50","23 Oct 2024","24378.15","24604.25","24378.1","24435.50"
"NIFTY 50","22 Oct 2024","24798.65","24882","24445.8","24472.10"
"NIFTY 50","21 Oct 2024","24956.15","24978.3","24679.6","24781.10"
"NIFTY 50","18 Oct 2024","24664.95","24886.2","24567.65","24854.05"
"NIFTY 50","17 Oct 2024","25027.4","25029.5","24728.9","24749.85"
"NIFTY 50","16 Oct 2024","25008.55","25093.4","24908.45","24971.30"
"NIFTY 50","15 Oct 2024","25186.3","25212.05","25008.15","25057.35"
"NIFTY 50","14 Oct 2024","25023.45","25159.75","25017.5","25127.95"
"NIFTY 50","11 Oct 2024","24985.3","25028.65","24920.05","24964.25"
"NIFTY 50","10 Oct 2024","25067.05","25134.05","24979.4","24998.45"
"NIFTY 50","09 Oct 2024","25065.8","25234.05","24947.7","24981.95"
"NIFTY 50","08 Oct 2024","24832.2","25044","24756.8","25013.15"
"NIFTY 50","07 Oct 2024","25084.1","25143","24694.35","24795.75"
"NIFTY 50","04 Oct 2024","25181.9","25485.05","24966.8","25014.60"
"NIFTY 50","03 Oct 2024","25452.85","25639.45","25230.3","25250.10"
"NIFTY 50","01 Oct 2024","25788.45","25907.6","25739.2","25796.90"
"NIFTY 50","30 Sep 2024","26061.3","26134.7","25794.1","25810.85"
"NIFTY 50","27 Sep 2024","26248.25","26277.35","26151.4","26178.95"
"NIFTY 50","26 Sep 2024","26005.4","26250.9","25998.4","26216.05"
"NIFTY 50","25 Sep 2024","25899.45","26032.8","25871.35","26004.15"
"NIFTY 50","24 Sep 2024","25921.45","26011.55","25886.85","25940.40"
"NIFTY 50","23 Sep 2024","25872.55","25956","25847.35","25939.05"
"NIFTY 50","18 Sep 2026","23334.7","23389.15","23286.6","23346.40"
"NIFTY 50","17 Sep 2026","23195.25","23363.55","23193.65","23270.60"
"NIFTY 50","16 Sep 2026","23201.6","23284.75","23116.1","23217.60"
"NIFTY 50","15 Sep 2026","23576.15","23592.85","23118.6","23118.60"
"NIFTY 50","11 Sep 2026","23270.3","23448.1","23231.4","23398.10"
"NIFTY 50","10 Sep 2026","23446.6","23494.95","23380.1","23477.80"
"NIFTY 50","09 Sep 2026","23522.05","23571.55","23431.5","23431.50"
"NIFTY 50","08 Sep 2026","23743.1","23758.95","23623.1","23635.10"
"NIFTY 50","07 Sep 2026","23883.15","23890","23737.9","23779.15"
"NIFTY 50","04 Sep 2026","23910.9","24005.75","23895.85","23897.70"
"NIFTY 50","03 Sep 2026","23997.95","24025.4","23873.45","23873.45"
"NIFTY 50","02 Sep 2026","23858","23914.45","23786.8","23914.45"
"NIFTY 50","01 Sep 2026","24077.55","24143.15","23952.55","24055.80"
"NIFTY 50","31 Aug 2026","24117.55","24128.7","23993.6","24080.40"
"NIFTY 50","28 Aug 2026","24122.6","24188.3","24076.85","24175.65"
"NIFTY 50","27 Aug 2026","24277.6","24297.45","24090.85","24090.85"
"NIFTY 50","26 Aug 2026","24341.95","24378.6","24207.75","24207.75"
"NIFTY 50","25 Aug 2026","24175.75","24334.55","24115.45","24334.55"
"NIFTY 50","24 Aug 2026","24285.05","24313","24144.3","24219.05"
"NIFTY 50","21 Aug 2026","24284.05","24284.05","24206.8","24252.00"
"NIFTY 50","20 Aug 2026","24225.45","24265.15","24184.55","24231.85"
"NIFTY 50","19 Aug 2026","24152.05","24172.85","24025.65","24078.30"
"NIFTY 50","18 Aug 2026","24223.85","24269.65","24154.9","24154.90"
"NIFTY 50","17 Aug 2026","24343.45","24360.1","24226.95","24287.65"
"NIFTY 50","14 Aug 2026","24361.9","24405.2","24296.8","24366.00"
"NIFTY 50","13 Aug 2026","24431.6","24431.6","24311.4","24395.85"
"NIFTY 50","12 Aug 2026","24472.45","24473.3","24265.95","24435.95"
"NIFTY 50","11 Aug 2026","24575.1","24576.85","24429.25","24471.70"
"NIFTY 50","10 Aug 2026","24581.25","24620.95","24511.1","24583.80"
"NIFTY 50","07 Aug 2026","24538.9","24630.4","24522.75","24570.65"
"NIFTY 50","06 Aug 2026","24641","24677.05","24604.15","24636.00"
"NIFTY 50","05 Aug 2026","24669.2","24677.6","24497.95","24624.65"
"NIFTY 50","04 Aug 2026","24703.9","24703.9","24427.95","24614.90"
"NIFTY 50","03 Aug 2026","24572.7","24774.3","24515.15","24774.30"
"NIFTY 50","31 Jul 2026","24361.45","24429.4","24299.7","24383.60"
"NIFTY 50","30 Jul 2026","24249.55","24342.95","24187.1","24317.15"
"NIFTY 50","29 Jul 2026","24176.65","24283.55","24136.75","24250.20"
"NIFTY 50","28 Jul 2026","23971.25","24041.15","23954.6","23985.35"
"NIFTY 50","27 Jul 2026","23928.4","24011.6","23891.55","23995.95"
"NIFTY 50","24 Jul 2026","23666.35","23823.6","23606.3","23767.45"
"NIFTY 50","23 Jul 2026","23904.8","23990.75","23807.2","23869.60"
"NIFTY 50","22 Jul 2026","24150.45","24166.3","23961.4","23996.25"
"NIFTY 50","21 Jul 2026","24216.05","24262.2","24135.65","24187.70"
"NIFTY 50","20 Jul 2026","24190.05","24266.1","24135.85","24238.50"
"NIFTY 50","17 Jul 2026","24127.6","24367.3","24099.05","24334.30"
"NIFTY 50","16 Jul 2026","24142.1","24186.5","24050","24072.75"
"NIFTY 50","15 Jul 2026","24085.85","24220.35","24010.55","24078.50"
"NIFTY 50","14 Jul 2026","24068","24157.1","24023.7","24052.05"
"NIFTY 50","13 Jul 2026","24039.4","24259.8","24000.2","24211.00"
"NIFTY 50","10 Jul 2026","24124.7","24228.45","24120.35","24206.90"
"NIFTY 50","09 Jul 2026","23928.95","24134.7","23925.7","23962.80"
"NIFTY 50","08 Jul 2026","24259.55","24300","23805.2","23882.05"
"NIFTY 50","07 Jul 2026","24464.45","24530.9","24348.95","24398.70"
"NIFTY 50","06 Jul 2026","24306.85","24458.65","24287.1","24430.35"
"NIFTY 50","03 Jul 2026","24375.65","24378.15","24252.35","24270.85"
"NIFTY 50","02 Jul 2026","24062.2","24194.55","24058.8","24175.70"
"NIFTY 50","01 Jul 2026","23897.65","24049.9","23895.1","24005.85"
"NIFTY 50","30 Jun 2026","24032.05","24035.55","23829.2","23865.75"
"NIFTY 50","29 Jun 2026","24061.75","24120","23924.55","23946.25"
"NIFTY 50","25 Jun 2026","24125.85","24261.6","24039","24056.00"
"NIFTY 50","24 Jun 2026","23795.8","24090.05","23789.25","24021.65"
"NIFTY 50","23 Jun 2026","24071.3","24135.5","23784.95","23824.10"
"NIFTY 50","22 Jun 2026","24106.6","24168.05","24073.15","24102.90"
"NIFTY 50","19 Jun 2026","23991.2","24047.2","23901.9","24013.10"
"NIFTY 50","18 Jun 2026","24073.8","24189.25","24036.95","24168.00"
"NIFTY 50","17 Jun 2026","24044.5","24108.2","23969.7","24085.70"
"NIFTY 50","16 Jun 2026","23923.9","24002.6","23888.2","23989.15"
"NIFTY 50","15 Jun 2026","23984.85","24011.4","23817.8","23853.90"
"NIFTY 50","12 Jun 2026","23412.55","23645.35","23313.9","23622.90"
"NIFTY 50","11 Jun 2026","23104.4","23327.45","23072.05","23161.60"
"NIFTY 50","10 Jun 2026","23233.95","23425.35","23184.6","23214.95"
"NIFTY 50","09 Jun 2026","23259.05","23279.4","23104.45","23242.10"
"NIFTY 50","08 Jun 2026","23080.7","23267.3","23070.15","23123.00"
"NIFTY 50","05 Jun 2026","23478.95","23516.35","23282.65","23366.70"
"NIFTY 50","04 Jun 2026","23282.45","23465.3","23247.3","23416.55"
"NIFTY 50","03 Jun 2026","23415.95","23459.65","23151.5","23405.60"
"NIFTY 50","02 Jun 2026","23229.15","23556.95","23229.15","23483.55"
"NIFTY 50","01 Jun 2026","23654.5","23733.7","23357.95","23382.60"
"NIFTY 50","29 May 2026","23902.15","24002.8","23484.75","23547.75"
"NIFTY 50","27 May 2026","23880.35","23983.2","23858.25","23907.15"
"NIFTY 50","26 May 2026","24004.1","24089.8","23885.45","23913.70"
"NIFTY 50","25 May 2026","23940.25","24054.45","23922.85","24031.70"
"NIFTY 50","22 May 2026","23671.2","23835.65","23671","23719.30"
"NIFTY 50","21 May 2026","23830.05","23859.9","23596.6","23654.70"
"NIFTY 50","20 May 2026","23457.25","23690.9","23397.3","23659.00"
"NIFTY 50","19 May 2026","23675.3","23782.3","23587.2","23618.00"
"NIFTY 50","18 May 2026","23482.2","23695.65","23317.1","23649.95"
"NIFTY 50","15 May 2026","23731.4","23839.3","23610.3","23643.50"
"NIFTY 50","14 May 2026","23530.25","23777.2","23426.55","23689.60"
"NIFTY 50","13 May 2026","23362.45","23582.95","23262.55","23412.60"
"NIFTY 50","12 May 2026","23722.6","23757.55","23348.4","23379.55"
"NIFTY 50","11 May 2026","23970.1","23997.45","23799.1","23815.85"
"NIFTY 50","08 May 2026","24233.65","24253.8","24126.65","24176.15"
"NIFTY 50","07 May 2026","24398.5","24482.1","24284","24326.65"
"NIFTY 50","06 May 2026","24171","24356.5","23997.9","24330.95"
"NIFTY 50","05 May 2026","24052.6","24081.7","23882.05","24032.80"
"NIFTY 50","04 May 2026","24063.55","24290.2","24004.75","24119.30"
"NIFTY 50","30 Apr 2026","23996.95","24087.45","23796.85","23997.55"
"NIFTY 50","29 Apr 2026","24096.9","24334.7","24059.95","24177.65"
"NIFTY 50","28 Apr 2026","24049.9","24181.8","23957.05","23995.70"
"NIFTY 50","27 Apr 2026","23945.45","24130.7","23936.2","24092.70"
"NIFTY 50","24 Apr 2026","24100.55","24206","23813.65","23897.95"
"NIFTY 50","23 Apr 2026","24202.35","24310.2","24134.8","24173.05"
"NIFTY 50","22 Apr 2026","24470.85","24515.95","24352.9","24378.10"
"NIFTY 50","21 Apr 2026","24374.55","24601.7","24354.9","24576.60"
"NIFTY 50","20 Apr 2026","24391.5","24480.65","24241.25","24364.85"
"NIFTY 50","17 Apr 2026","24165.9","24371.9","24096.05","24353.55"
"NIFTY 50","16 Apr 2026","24385.2","24400.95","24102.8","24196.75"
"NIFTY 50","15 Apr 2026","24163.8","24280.9","24145.8","24231.30"
"NIFTY 50","13 Apr 2026","23589.6","23907.4","23555.6","23842.65"
"NIFTY 50","10 Apr 2026","23880.55","24074.05","23856.35","24050.60"
"NIFTY 50","09 Apr 2026","23909.05","23990.75","23682.8","23775.10"
"NIFTY 50","08 Apr 2026","23855.15","24025.15","23828.5","23997.35"
"NIFTY 50","07 Apr 2026","22838.7","23153.85","22719.3","23123.65"
"NIFTY 50","06 Apr 2026","22780.3","22998.35","22542.95","22968.25"
"NIFTY 50","02 Apr 2026","22383.4","22782.3","22182.55","22713.10"
"NIFTY 50","01 Apr 2026","22899","22941.3","22618.6","22679.40"
"NIFTY 50","30 Mar 2026","22549.65","22714.1","22283.85","22331.40"
"NIFTY 50","27 Mar 2026","23173.55","23186.1","22804.55","22819.60"
"NIFTY 50","25 Mar 2026","23064.4","23465.35","23063.2","23306.45"
"NIFTY 50","24 Mar 2026","22878.45","23057.3","22624.2","22912.40"
"NIFTY 50","23 Mar 2026","22824.35","22851.7","22471.25","22512.65"
"NIFTY 50","20 Mar 2026","23110.15","23345.15","23067.6","23114.50"
"NIFTY 50","19 Mar 2026","23197.75","23378.7","22930.35","23002.15"
"NIFTY 50","18 Mar 2026","23632.9","23862.25","23618.45","23777.80"
"NIFTY 50","17 Mar 2026","23493.2","23656.8","23346.6","23581.15"
"NIFTY 50","16 Mar 2026","23116.1","23502","22955.25","23408.80"
"NIFTY 50","13 Mar 2026","23462.5","23492.4","23112","23151.10"
"NIFTY 50","12 Mar 2026","23674.85","23833.15","23556.3","23639.15"
"NIFTY 50","11 Mar 2026","24231.85","24299","23834.3","23866.85"
"NIFTY 50","10 Mar 2026","24280.8","24303.8","24079.95","24261.60"
"NIFTY 50","09 Mar 2026","23868.05","24078.15","23697.8","24028.05"
"NIFTY 50","06 Mar 2026","24656.4","24700.8","24415.75","24450.45"
"NIFTY 50","05 Mar 2026","24615.95","24854.2","24529.4","24765.90"
"NIFTY 50","04 Mar 2026","24388.8","24602.45","24305.4","24480.50"
"NIFTY 50","02 Mar 2026","24659.25","24989.35","24603.5","24865.70"
"NIFTY 50","27 Feb 2026","25459.85","25476.4","25141.3","25178.65"
"NIFTY 50","26 Feb 2026","25556.3","25572.95","25400.95","25496.55"
"NIFTY 50","25 Feb 2026","25512.6","25652.6","25428.2","25482.50"
"NIFTY 50","24 Feb 2026","25641.8","25641.8","25327.6","25424.65"
"NIFTY 50","23 Feb 2026","25678.4","25771.45","25609.35","25713.00"
"NIFTY 50","20 Feb 2026","25406.55","25663.55","25379.75","25571.25"
"NIFTY 50","19 Feb 2026","25873.35","25885.3","25388.75","25454.35"
"NIFTY 50","18 Feb 2026","25752.65","25828.05","25645.15","25819.35"
"NIFTY 50","17 Feb 2026","25637.95","25764.4","25570.3","25725.40"
"NIFTY 50","16 Feb 2026","25423.6","25697","25372.7","25682.75"
"NIFTY 50","13 Feb 2026","25571.15","25630.35","25444.3","25471.10"
"NIFTY 50","12 Feb 2026","25906.7","25906.7","25752.4","25807.20"
"NIFTY 50","11 Feb 2026","25997.45","26009.4","25899.8","25953.85"
"NIFTY 50","10 Feb 2026","25922.65","25989.45","25870.45","25935.15"
"NIFTY 50","09 Feb 2026","25888.7","25922.25","25780.9","25867.30"
"NIFTY 50","06 Feb 2026","25605.8","25703.95","25491.9","25693.70"
"NIFTY 50","05 Feb 2026","25755.9","25757.65","25579.5","25642.80"
"NIFTY 50","04 Feb 2026","25675.05","25818.55","25563.95","25776.00"
"NIFTY 50","03 Feb 2026","26308.05","26341.2","25641.3","25727.55"
"NIFTY 50","02 Feb 2026","24796.5","25108.1","24679.4","25088.40"
"NIFTY 50","01 Feb 2026","25333.75","25440.9","24571.75","24825.45"
"NIFTY 50","30 Jan 2026","25247.55","25370.7","25213.65","25320.65"
"NIFTY 50","29 Jan 2026","25345","25458.15","25159.8","25418.90"
"NIFTY 50","28 Jan 2026","25258.85","25372.1","25187.65","25342.75"
"NIFTY 50","27 Jan 2026","25063.35","25246.65","24932.55","25175.40"
"NIFTY 50","23 Jan 2026","25344.6","25347.95","25025.3","25048.65"
"NIFTY 50","22 Jan 2026","25344.15","25435.75","25168.5","25289.90"
"NIFTY 50","21 Jan 2026","25141","25300.95","24919.8","25157.50"
"NIFTY 50","20 Jan 2026","25580.3","25585","25171.35","25232.50"
"NIFTY 50","19 Jan 2026","25653.1","25653.3","25494.35","25585.50"
"NIFTY 50","16 Jan 2026","25696.05","25873.5","25662.4","25694.35"
"NIFTY 50","14 Jan 2026","25648.55","25791.75","25603.95","25665.60"
"NIFTY 50","13 Jan 2026","25897.35","25899.8","25603.3","25732.30"
"NIFTY 50","12 Jan 2026","25669.05","25813.15","25473.4","25790.25"
"NIFTY 50","09 Jan 2026","25840.4","25940.6","25623","25683.30"
"NIFTY 50","08 Jan 2026","26106.5","26133.2","25858.45","25876.85"
"NIFTY 50","07 Jan 2026","26143.1","26187.15","26067.9","26140.75"
"NIFTY 50","06 Jan 2026","26189.7","26273.95","26124.75","26178.70"
"NIFTY 50","05 Jan 2026","26333.7","26373.2","26210.05","26250.30"
"NIFTY 50","02 Jan 2026","26155.1","26340","26118.4","26328.55"
"NIFTY 50","01 Jan 2026","26173.3","26197.55","26113.4","26146.55"
"NIFTY 50","31 Dec 2025","25971.05","26187.95","25969","26129.60"
"NIFTY 50","30 Dec 2025","25940.9","25976.75","25878","25938.85"
"NIFTY 50","29 Dec 2025","26063.35","26106.8","25920.3","25942.10"
"NIFTY 50","26 Dec 2025","26121.25","26144.2","26008.6","26042.30"
"NIFTY 50","24 Dec 2025","26170.65","26236.4","26123","26142.10"
"NIFTY 50","23 Dec 2025","26205.2","26233.55","26119.05","26177.15"
"NIFTY 50","22 Dec 2025","26055.85","26180.7","26047.8","26172.40"
"NIFTY 50","19 Dec 2025","25911.5","25993.35","25880.45","25966.40"
"NIFTY 50","18 Dec 2025","25764.7","25902.35","25726.3","25815.55"
"NIFTY 50","17 Dec 2025","25902.4","25929.15","25770.35","25818.55"
"NIFTY 50","16 Dec 2025","25951.5","25980.75","25834.35","25860.10"
"NIFTY 50","15 Dec 2025","25930.05","26047.15","25904.75","26027.30"
"NIFTY 50","12 Dec 2025","25971.2","26057.6","25938.45","26046.95"
"NIFTY 50","11 Dec 2025","25771.4","25922.8","25693.25","25898.55"
"NIFTY 50","10 Dec 2025","25864.05","25947.65","25734.55","25758.00"
"NIFTY 50","09 Dec 2025","25867.1","25923.65","25728","25839.65"
"NIFTY 50","08 Dec 2025","26159.8","26178.7","25892.25","25960.55"
"NIFTY 50","05 Dec 2025","25999.8","26202.6","25985.35","26186.45"
"NIFTY 50","04 Dec 2025","25981.85","26098.25","25938.95","26033.75"
"NIFTY 50","03 Dec 2025","26004.9","26066.45","25891","25986.00"
"NIFTY 50","02 Dec 2025","26087.95","26154.6","25997.85","26032.20"
"NIFTY 50","01 Dec 2025","26325.8","26325.8","26124.2","26175.75"
"NIFTY 50","28 Nov 2025","26237.45","26280.75","26172.4","26202.95"
"NIFTY 50","27 Nov 2025","26261.25","26310.45","26141.9","26215.55"
"NIFTY 50","26 Nov 2025","25842.95","26215.15","25842.95","26205.30"
"NIFTY 50","25 Nov 2025","25998.5","26032.6","25857.5","25884.80"
"NIFTY 50","24 Nov 2025","26122.8","26142.8","25912.15","25959.50"
"NIFTY 50","21 Nov 2025","26109.55","26179.2","26052.2","26068.15"
"NIFTY 50","20 Nov 2025","26132.1","26246.65","26063.2","26192.15"
"NIFTY 50","19 Nov 2025","25918.1","26074.65","25856.2","26052.65"
"NIFTY 50","18 Nov 2025","26021.8","26029.85","25876.5","25910.05"
"NIFTY 50","17 Nov 2025","25948.2","26024.2","25906.35","26013.45"
"NIFTY 50","14 Nov 2025","25767.9","25940.2","25740.8","25910.05"
"NIFTY 50","13 Nov 2025","25906.1","26010.7","25808.4","25879.15"
"NIFTY 50","12 Nov 2025","25834.3","25934.55","25781.15","25875.80"
"NIFTY 50","11 Nov 2025","25617","25715.8","25449.25","25694.95"
"NIFTY 50","10 Nov 2025","25503.5","25653.45","25503.5","25574.35"
"NIFTY 50","07 Nov 2025","25433.8","25551.25","25318.45","25492.30"
"NIFTY 50","06 Nov 2025","25593.35","25679.15","25491.55","25509.70"
"NIFTY 50","04 Nov 2025","25744.75","25787.4","25578.4","25597.65"
"NIFTY 50","03 Nov 2025","25696.85","25803.1","25645.5","25763.35"
"NIFTY 50","31 Oct 2025","25863.8","25953.75","25711.2","25722.10"
"NIFTY 50","30 Oct 2025","25984.4","26032.05","25845.25","25877.85"
"NIFTY 50","29 Oct 2025","25982","26097.85","25960.3","26053.90"
"NIFTY 50","28 Oct 2025","25939.95","26041.7","25810.05","25936.20"
"NIFTY 50","27 Oct 2025","25843.2","26005.95","25827","25966.05"
"NIFTY 50","24 Oct 2025","25935.1","25944.15","25718.2","25795.15"
"NIFTY 50","23 Oct 2025","26057.2","26104.2","25862.45","25891.40"
"NIFTY 50","21 Oct 2025","25901.2","25934.35","25825.8","25868.60"
"NIFTY 50","20 Oct 2025","25824.6","25926.2","25788.5","25843.15"
"NIFTY 50","17 Oct 2025","25546.85","25781.5","25508.6","25709.85"
"NIFTY 50","16 Oct 2025","25394.9","25625.4","25376.85","25585.30"
"NIFTY 50","15 Oct 2025","25181.95","25365.15","25159.35","25323.55"
"NIFTY 50","14 Oct 2025","25277.55","25310.35","25060.55","25145.50"
"NIFTY 50","13 Oct 2025","25177.3","25267.3","25152.3","25227.35"
"NIFTY 50","10 Oct 2025","25167.65","25330.75","25156.85","25285.35"
"NIFTY 50","09 Oct 2025","25074.3","25199.25","25024.3","25181.80"
"NIFTY 50","08 Oct 2025","25079.75","25192.5","25008.5","25046.15"
"NIFTY 50","07 Oct 2025","25085.3","25220.9","25076.3","25108.30"
"NIFTY 50","06 Oct 2025","24916.55","25095.95","24881.65","25077.65"
"NIFTY 50","03 Oct 2025","24759.55","24904.8","24747.55","24894.25"
"NIFTY 50","01 Oct 2025","24620.55","24867.95","24605.95","24836.30"
"NIFTY 50","30 Sep 2025","24691.95","24731.8","24587.7","24611.10"
"NIFTY 50","29 Sep 2025","24728.55","24791.3","24606.2","24634.90"
"NIFTY 50","26 Sep 2025","24818.55","24868.6","24629.45","24654.70"
"NIFTY 50","25 Sep 2025","25034.5","25092.7","24878.3","24890.85"
"NIFTY 50","24 Sep 2025","25108.75","25149.85","25027.45","25056.90"
"NIFTY 50","23 Sep 2025","25209","25261.9","25084.65","25169.50"
"NIFTY 50","22 Sep 2025","25238.1","25331.7","25151.05","25202.35"